{"test_nb_parties_2": 430, "test_nb_parties_4": 2040, "test_nb_parties_8": 8302, "test_nb_parties_16": 32880, "test_nb_parties_25": 79872, "test_nb_parties_32": 130448, "test_nb_parties_48": 292614, "test_nb_parties_50": 317320, "test_nb_parties_64": 518992, "test_nb_sec_add_1": 1112, "test_nb_sec_add_4": 1112, "test_nb_sec_add_8": 1112, "test_nb_sec_add_16": 1108, "test_nb_sec_add_32": 1112, "test_nb_sec_add_64": 1112, "test_nb_sec_add_128": 1112, "test_nb_sec_add_256": 1112, "test_nb_sec_add_512": 1112, "test_nb_sec_mul_1": 2146, "test_nb_sec_mul_4": 5960, "test_nb_sec_mul_8": 10622, "test_nb_sec_mul_16": 20326, "test_nb_sec_mul_32": 39710, "test_nb_sec_mul_64": 78664, "test_nb_sec_mul_128": 156006, "test_nb_sec_mul_256": 311106, "test_nb_sec_mul_400": 485768, "test_nb_scal_add_1": 738, "test_nb_scal_add_4": 738, "test_nb_scal_add_8": 738, "test_nb_scal_add_16": 738, "test_nb_scal_add_32": 740, "test_nb_scal_add_64": 740, "test_nb_scal_add_128": 740, "test_nb_scal_add_256": 740, "test_nb_scal_add_512": 744, "test_nb_scal_mul_1": 738, "test_nb_scal_mul_4": 738, "test_nb_scal_mul_8": 738, "test_nb_scal_mul_16": 738, "test_nb_scal_mul_32": 738, "test_nb_scal_mul_64": 738, "test_nb_scal_mul_128": 738, "test_nb_scal_mul_256": 738, "test_nb_scal_mul_400": 738}