{
    "machine_info": {
        "node": "ubuntu-robb",
        "processor": "aarch64",
        "machine": "aarch64",
        "python_compiler": "GCC 11.2.0",
        "python_implementation": "CPython",
        "python_implementation_version": "3.10.4",
        "python_version": "3.10.4",
        "python_build": [
            "main",
            "Apr  2 2022 09:04:19"
        ],
        "release": "5.15.0-33-generic",
        "system": "Linux",
        "cpu": {
            "python_version": "3.10.4.final.0 (64 bit)",
            "cpuinfo_version": [
                8,
                0,
                0
            ],
            "cpuinfo_version_string": "8.0.0",
            "arch": "ARM_8",
            "bits": 64,
            "count": 8,
            "arch_string_raw": "aarch64",
            "flags": [
                "aes",
                "asimd",
                "asimddp",
                "asimdfhm",
                "asimdhp",
                "asimdrdm",
                "atomics",
                "cpuid",
                "crc32",
                "dcpodp",
                "dcpop",
                "dit",
                "evtstrm",
                "fcma",
                "flagm",
                "flagm2",
                "fp",
                "fphp",
                "frint",
                "ilrcpc",
                "jscvt",
                "lrcpc",
                "paca",
                "pacg",
                "pmull",
                "sb",
                "sha1",
                "sha2",
                "sha3",
                "sha512",
                "uscat"
            ],
            "vendor_id_raw": "0x00"
        }
    },
    "commit_info": {
        "id": "ce1b5dd44830be5f9bb0dccb3048bc2ef12c6bc1",
        "time": "2022-05-30T16:06:51+00:00",
        "author_time": "2022-05-30T16:06:51+00:00",
        "dirty": true,
        "project": "smcompiler-diffie-beepboop",
        "branch": "main"
    },
    "benchmarks": [
        {
            "group": null,
            "name": "test_nb_parties_2",
            "fullname": "1smcompiler/test_performances.py::test_nb_parties_2",
            "params": null,
            "param": null,
            "extra_info": {},
            "options": {
                "disable_gc": false,
                "timer": "perf_counter",
                "min_rounds": 25,
                "max_time": 1.0,
                "min_time": 5e-06,
                "warmup": false
            },
            "stats": {
                "min": 0.009493989000475267,
                "max": 0.013299858999744174,
                "mean": 0.010276149818309932,
                "stddev": 0.0006058076189452884,
                "rounds": 88,
                "median": 0.010160369499317312,
                "iqr": 0.0005154254995431984,
                "q1": 0.00994031200025347,
                "q3": 0.010455737499796669,
                "iqr_outliers": 6,
                "stddev_outliers": 15,
                "outliers": "15;6",
                "ld15iqr": 0.009493989000475267,
                "hd15iqr": 0.011486735000289627,
                "ops": 97.31271124698969,
                "total": 0.904301184011274,
                "iterations": 1
            }
        },
        {
            "group": null,
            "name": "test_nb_parties_4",
            "fullname": "2smcompiler/test_performances.py::test_nb_parties_4",
            "params": null,
            "param": null,
            "extra_info": {},
            "options": {
                "disable_gc": false,
                "timer": "perf_counter",
                "min_rounds": 25,
                "max_time": 1.0,
                "min_time": 5e-06,
                "warmup": false
            },
            "stats": {
                "min": 0.017767514000297524,
                "max": 0.07038161300079082,
                "mean": 0.02281963579967851,
                "stddev": 0.010330811209826287,
                "rounds": 25,
                "median": 0.019421101000261842,
                "iqr": 0.00457594900035474,
                "q1": 0.01866698274943701,
                "q3": 0.02324293174979175,
                "iqr_outliers": 1,
                "stddev_outliers": 1,
                "outliers": "1;1",
                "ld15iqr": 0.017767514000297524,
                "hd15iqr": 0.07038161300079082,
                "ops": 43.82190884983749,
                "total": 0.5704908949919627,
                "iterations": 1
            }
        },
        {
            "group": null,
            "name": "test_nb_parties_8",
            "fullname": "3smcompiler/test_performances.py::test_nb_parties_8",
            "params": null,
            "param": null,
            "extra_info": {},
            "options": {
                "disable_gc": false,
                "timer": "perf_counter",
                "min_rounds": 25,
                "max_time": 1.0,
                "min_time": 5e-06,
                "warmup": false
            },
            "stats": {
                "min": 0.05160806299863907,
                "max": 0.10262592899925949,
                "mean": 0.058897280199817034,
                "stddev": 0.011997984477707887,
                "rounds": 25,
                "median": 0.053972551999322604,
                "iqr": 0.007616602750658785,
                "q1": 0.052731901499555534,
                "q3": 0.06034850425021432,
                "iqr_outliers": 3,
                "stddev_outliers": 3,
                "outliers": "3;3",
                "ld15iqr": 0.05160806299863907,
                "hd15iqr": 0.07255930599967542,
                "ops": 16.97871271147605,
                "total": 1.4724320049954258,
                "iterations": 1
            }
        },
        {
            "group": null,
            "name": "test_nb_parties_16",
            "fullname": "4smcompiler/test_performances.py::test_nb_parties_16",
            "params": null,
            "param": null,
            "extra_info": {},
            "options": {
                "disable_gc": false,
                "timer": "perf_counter",
                "min_rounds": 25,
                "max_time": 1.0,
                "min_time": 5e-06,
                "warmup": false
            },
            "stats": {
                "min": 0.16923352599951613,
                "max": 0.21262264200049685,
                "mean": 0.17965050348022488,
                "stddev": 0.010009241256086727,
                "rounds": 25,
                "median": 0.1765986940008588,
                "iqr": 0.005474750249504723,
                "q1": 0.17427668175059807,
                "q3": 0.1797514320001028,
                "iqr_outliers": 3,
                "stddev_outliers": 4,
                "outliers": "4;3",
                "ld15iqr": 0.16923352599951613,
                "hd15iqr": 0.19231697000032,
                "ops": 5.566363470337146,
                "total": 4.491262587005622,
                "iterations": 1
            }
        },
        {
            "group": null,
            "name": "test_nb_parties_25",
            "fullname": "5smcompiler/test_performances.py::test_nb_parties_25",
            "params": null,
            "param": null,
            "extra_info": {},
            "options": {
                "disable_gc": false,
                "timer": "perf_counter",
                "min_rounds": 25,
                "max_time": 1.0,
                "min_time": 5e-06,
                "warmup": false
            },
            "stats": {
                "min": 0.3956472099998791,
                "max": 0.4672885010004393,
                "mean": 0.4177643341600196,
                "stddev": 0.020307279206866917,
                "rounds": 25,
                "median": 0.41317128599985153,
                "iqr": 0.023750405251121265,
                "q1": 0.4029603094995764,
                "q3": 0.42671071475069766,
                "iqr_outliers": 2,
                "stddev_outliers": 6,
                "outliers": "6;2",
                "ld15iqr": 0.3956472099998791,
                "hd15iqr": 0.467097405999084,
                "ops": 2.393694047651665,
                "total": 10.444108354000491,
                "iterations": 1
            }
        },
        {
            "group": null,
            "name": "test_nb_parties_32",
            "fullname": "6smcompiler/test_performances.py::test_nb_parties_32",
            "params": null,
            "param": null,
            "extra_info": {},
            "options": {
                "disable_gc": false,
                "timer": "perf_counter",
                "min_rounds": 25,
                "max_time": 1.0,
                "min_time": 5e-06,
                "warmup": false
            },
            "stats": {
                "min": 0.6311424689993146,
                "max": 0.734234337000089,
                "mean": 0.6627222065598471,
                "stddev": 0.029379884247561487,
                "rounds": 25,
                "median": 0.6502857670002413,
                "iqr": 0.02928436500042153,
                "q1": 0.6429086962498332,
                "q3": 0.6721930612502547,
                "iqr_outliers": 3,
                "stddev_outliers": 5,
                "outliers": "5;3",
                "ld15iqr": 0.6311424689993146,
                "hd15iqr": 0.7187904589991376,
                "ops": 1.5089278586135548,
                "total": 16.568055163996178,
                "iterations": 1
            }
        },
        {
            "group": null,
            "name": "test_nb_parties_48",
            "fullname": "7smcompiler/test_performances.py::test_nb_parties_48",
            "params": null,
            "param": null,
            "extra_info": {},
            "options": {
                "disable_gc": false,
                "timer": "perf_counter",
                "min_rounds": 25,
                "max_time": 1.0,
                "min_time": 5e-06,
                "warmup": false
            },
            "stats": {
                "min": 1.380552037000598,
                "max": 1.8278657129994826,
                "mean": 1.4495574925600523,
                "stddev": 0.08536161249986528,
                "rounds": 25,
                "median": 1.4395014649999212,
                "iqr": 0.06253761549987757,
                "q1": 1.4003976482499638,
                "q3": 1.4629352637498414,
                "iqr_outliers": 1,
                "stddev_outliers": 1,
                "outliers": "1;1",
                "ld15iqr": 1.380552037000598,
                "hd15iqr": 1.8278657129994826,
                "ops": 0.6898657039355561,
                "total": 36.238937314001305,
                "iterations": 1
            }
        },
        {
            "group": null,
            "name": "test_nb_parties_64",
            "fullname": "8smcompiler/test_performances.py::test_nb_parties_64",
            "params": null,
            "param": null,
            "extra_info": {},
            "options": {
                "disable_gc": false,
                "timer": "perf_counter",
                "min_rounds": 25,
                "max_time": 1.0,
                "min_time": 5e-06,
                "warmup": false
            },
            "stats": {
                "min": 2.462116288999823,
                "max": 2.942998747999809,
                "mean": 2.6503315863601165,
                "stddev": 0.12535828430396123,
                "rounds": 25,
                "median": 2.6396986869985994,
                "iqr": 0.15617677850104883,
                "q1": 2.560606780749822,
                "q3": 2.716783559250871,
                "iqr_outliers": 0,
                "stddev_outliers": 9,
                "outliers": "9;0",
                "ld15iqr": 2.462116288999823,
                "hd15iqr": 2.942998747999809,
                "ops": 0.37731127876469567,
                "total": 66.25828965900291,
                "iterations": 1
            }
        }
    ],
    "datetime": "2022-06-01T16:21:47.401567",
    "version": "3.4.1"
}