{
    "machine_info": {
        "node": "ubuntu-robb",
        "processor": "aarch64",
        "machine": "aarch64",
        "python_compiler": "GCC 11.2.0",
        "python_implementation": "CPython",
        "python_implementation_version": "3.10.4",
        "python_version": "3.10.4",
        "python_build": [
            "main",
            "Apr  2 2022 09:04:19"
        ],
        "release": "5.15.0-33-generic",
        "system": "Linux",
        "cpu": {
            "python_version": "3.10.4.final.0 (64 bit)",
            "cpuinfo_version": [
                8,
                0,
                0
            ],
            "cpuinfo_version_string": "8.0.0",
            "arch": "ARM_8",
            "bits": 64,
            "count": 8,
            "arch_string_raw": "aarch64",
            "flags": [
                "aes",
                "asimd",
                "asimddp",
                "asimdfhm",
                "asimdhp",
                "asimdrdm",
                "atomics",
                "cpuid",
                "crc32",
                "dcpodp",
                "dcpop",
                "dit",
                "evtstrm",
                "fcma",
                "flagm",
                "flagm2",
                "fp",
                "fphp",
                "frint",
                "ilrcpc",
                "jscvt",
                "lrcpc",
                "paca",
                "pacg",
                "pmull",
                "sb",
                "sha1",
                "sha2",
                "sha3",
                "sha512",
                "uscat"
            ],
            "vendor_id_raw": "0x00"
        }
    },
    "commit_info": {
        "id": "ce1b5dd44830be5f9bb0dccb3048bc2ef12c6bc1",
        "time": "2022-05-30T16:06:51+00:00",
        "author_time": "2022-05-30T16:06:51+00:00",
        "dirty": true,
        "project": "smcompiler-diffie-beepboop",
        "branch": "main"
    },
    "benchmarks": [
        {
            "group": null,
            "name": "test_nb_sec_add_1",
            "fullname": "1smcompiler/test_performances.py::test_nb_sec_add_1",
            "params": null,
            "param": null,
            "extra_info": {},
            "options": {
                "disable_gc": false,
                "timer": "perf_counter",
                "min_rounds": 25,
                "max_time": 1.0,
                "min_time": 5e-06,
                "warmup": false
            },
            "stats": {
                "min": 0.012692025999058387,
                "max": 0.02108528000098886,
                "mean": 0.014281079073471654,
                "stddev": 0.001691373619342129,
                "rounds": 68,
                "median": 0.01373294800032454,
                "iqr": 0.0016860380001162412,
                "q1": 0.013203914500081737,
                "q3": 0.014889952500197978,
                "iqr_outliers": 5,
                "stddev_outliers": 9,
                "outliers": "9;5",
                "ld15iqr": 0.012692025999058387,
                "hd15iqr": 0.017778077999537345,
                "ops": 70.02271991180183,
                "total": 0.9711133769960725,
                "iterations": 1
            }
        },
        {
            "group": null,
            "name": "test_nb_sec_add_4",
            "fullname": "2smcompiler/test_performances.py::test_nb_sec_add_4",
            "params": null,
            "param": null,
            "extra_info": {},
            "options": {
                "disable_gc": false,
                "timer": "perf_counter",
                "min_rounds": 25,
                "max_time": 1.0,
                "min_time": 5e-06,
                "warmup": false
            },
            "stats": {
                "min": 0.013031775000854395,
                "max": 0.02369799899861391,
                "mean": 0.016387824040139096,
                "stddev": 0.002298188676756951,
                "rounds": 25,
                "median": 0.016281604001051164,
                "iqr": 0.0022802490007052256,
                "q1": 0.014876113499667554,
                "q3": 0.01715636250037278,
                "iqr_outliers": 1,
                "stddev_outliers": 7,
                "outliers": "7;1",
                "ld15iqr": 0.013031775000854395,
                "hd15iqr": 0.02369799899861391,
                "ops": 61.02091391454264,
                "total": 0.40969560100347735,
                "iterations": 1
            }
        },
        {
            "group": null,
            "name": "test_nb_sec_add_8",
            "fullname": "3smcompiler/test_performances.py::test_nb_sec_add_8",
            "params": null,
            "param": null,
            "extra_info": {},
            "options": {
                "disable_gc": false,
                "timer": "perf_counter",
                "min_rounds": 25,
                "max_time": 1.0,
                "min_time": 5e-06,
                "warmup": false
            },
            "stats": {
                "min": 0.01284819700049411,
                "max": 0.022327148999465862,
                "mean": 0.014619079399926705,
                "stddev": 0.002124813124057607,
                "rounds": 25,
                "median": 0.013708435999433277,
                "iqr": 0.002563683499374747,
                "q1": 0.01326196224999876,
                "q3": 0.015825645749373507,
                "iqr_outliers": 1,
                "stddev_outliers": 2,
                "outliers": "2;1",
                "ld15iqr": 0.01284819700049411,
                "hd15iqr": 0.022327148999465862,
                "ops": 68.40376008936744,
                "total": 0.3654769849981676,
                "iterations": 1
            }
        },
        {
            "group": null,
            "name": "test_nb_sec_add_16",
            "fullname": "4smcompiler/test_performances.py::test_nb_sec_add_16",
            "params": null,
            "param": null,
            "extra_info": {},
            "options": {
                "disable_gc": false,
                "timer": "perf_counter",
                "min_rounds": 25,
                "max_time": 1.0,
                "min_time": 5e-06,
                "warmup": false
            },
            "stats": {
                "min": 0.012683327999184257,
                "max": 0.02264285999990534,
                "mean": 0.013874113919955562,
                "stddev": 0.00201969170594114,
                "rounds": 25,
                "median": 0.013324277999345213,
                "iqr": 0.0007880625007601338,
                "q1": 0.012962293749296805,
                "q3": 0.013750356250056939,
                "iqr_outliers": 2,
                "stddev_outliers": 2,
                "outliers": "2;2",
                "ld15iqr": 0.012683327999184257,
                "hd15iqr": 0.016796813999462756,
                "ops": 72.07667500564988,
                "total": 0.34685284799888905,
                "iterations": 1
            }
        },
        {
            "group": null,
            "name": "test_nb_sec_add_32",
            "fullname": "5smcompiler/test_performances.py::test_nb_sec_add_32",
            "params": null,
            "param": null,
            "extra_info": {},
            "options": {
                "disable_gc": false,
                "timer": "perf_counter",
                "min_rounds": 25,
                "max_time": 1.0,
                "min_time": 5e-06,
                "warmup": false
            },
            "stats": {
                "min": 0.012651540000661043,
                "max": 0.02158275500005402,
                "mean": 0.013741207560015027,
                "stddev": 0.0018028578139754705,
                "rounds": 25,
                "median": 0.013286199000503984,
                "iqr": 0.0005611587498606241,
                "q1": 0.01301719225011766,
                "q3": 0.013578350999978284,
                "iqr_outliers": 3,
                "stddev_outliers": 2,
                "outliers": "2;3",
                "ld15iqr": 0.012651540000661043,
                "hd15iqr": 0.014618806000726181,
                "ops": 72.77380795191965,
                "total": 0.3435301890003757,
                "iterations": 1
            }
        },
        {
            "group": null,
            "name": "test_nb_sec_add_64",
            "fullname": "6smcompiler/test_performances.py::test_nb_sec_add_64",
            "params": null,
            "param": null,
            "extra_info": {},
            "options": {
                "disable_gc": false,
                "timer": "perf_counter",
                "min_rounds": 25,
                "max_time": 1.0,
                "min_time": 5e-06,
                "warmup": false
            },
            "stats": {
                "min": 0.012933873000292806,
                "max": 0.022409249000702403,
                "mean": 0.014102777719672303,
                "stddev": 0.0018572727971771302,
                "rounds": 25,
                "median": 0.013758361999862245,
                "iqr": 0.0006313360008789459,
                "q1": 0.013367929998821637,
                "q3": 0.013999265999700583,
                "iqr_outliers": 2,
                "stddev_outliers": 2,
                "outliers": "2;2",
                "ld15iqr": 0.012933873000292806,
                "hd15iqr": 0.016240704999290756,
                "ops": 70.90801683735509,
                "total": 0.3525694429918076,
                "iterations": 1
            }
        },
        {
            "group": null,
            "name": "test_nb_sec_add_128",
            "fullname": "7smcompiler/test_performances.py::test_nb_sec_add_128",
            "params": null,
            "param": null,
            "extra_info": {},
            "options": {
                "disable_gc": false,
                "timer": "perf_counter",
                "min_rounds": 25,
                "max_time": 1.0,
                "min_time": 5e-06,
                "warmup": false
            },
            "stats": {
                "min": 0.01316708200101857,
                "max": 0.024251232000096934,
                "mean": 0.015405458040113444,
                "stddev": 0.00216675173738857,
                "rounds": 25,
                "median": 0.015086598999914713,
                "iqr": 0.001129047999256727,
                "q1": 0.01431509800022468,
                "q3": 0.015444145999481407,
                "iqr_outliers": 3,
                "stddev_outliers": 3,
                "outliers": "3;3",
                "ld15iqr": 0.01316708200101857,
                "hd15iqr": 0.017326236000371864,
                "ops": 64.91205892068602,
                "total": 0.3851364510028361,
                "iterations": 1
            }
        },
        {
            "group": null,
            "name": "test_nb_sec_add_256",
            "fullname": "8smcompiler/test_performances.py::test_nb_sec_add_256",
            "params": null,
            "param": null,
            "extra_info": {},
            "options": {
                "disable_gc": false,
                "timer": "perf_counter",
                "min_rounds": 25,
                "max_time": 1.0,
                "min_time": 5e-06,
                "warmup": false
            },
            "stats": {
                "min": 0.013045793999481248,
                "max": 0.021855558999959612,
                "mean": 0.014298049040080514,
                "stddev": 0.0019346726748686212,
                "rounds": 25,
                "median": 0.013897700999223161,
                "iqr": 0.0009697897498881503,
                "q1": 0.013331989499874908,
                "q3": 0.014301779249763058,
                "iqr_outliers": 2,
                "stddev_outliers": 2,
                "outliers": "2;2",
                "ld15iqr": 0.013045793999481248,
                "hd15iqr": 0.01881897200109961,
                "ops": 69.93961184471982,
                "total": 0.35745122600201285,
                "iterations": 1
            }
        },
        {
            "group": null,
            "name": "test_nb_sec_add_512",
            "fullname": "9smcompiler/test_performances.py::test_nb_sec_add_512",
            "params": null,
            "param": null,
            "extra_info": {},
            "options": {
                "disable_gc": false,
                "timer": "perf_counter",
                "min_rounds": 25,
                "max_time": 1.0,
                "min_time": 5e-06,
                "warmup": false
            },
            "stats": {
                "min": 0.013925078999818652,
                "max": 0.02374574999885226,
                "mean": 0.01514678380008263,
                "stddev": 0.001924986804324142,
                "rounds": 25,
                "median": 0.014711528001498664,
                "iqr": 0.0008861972510203486,
                "q1": 0.014325469999221241,
                "q3": 0.01521166725024159,
                "iqr_outliers": 2,
                "stddev_outliers": 2,
                "outliers": "2;2",
                "ld15iqr": 0.013925078999818652,
                "hd15iqr": 0.01729916200019943,
                "ops": 66.02061620464568,
                "total": 0.37866959500206576,
                "iterations": 1
            }
        }
    ],
    "datetime": "2022-06-01T16:23:08.606762",
    "version": "3.4.1"
}