{
    "machine_info": {
        "node": "ubuntu-robb",
        "processor": "aarch64",
        "machine": "aarch64",
        "python_compiler": "GCC 11.2.0",
        "python_implementation": "CPython",
        "python_implementation_version": "3.10.4",
        "python_version": "3.10.4",
        "python_build": [
            "main",
            "Apr  2 2022 09:04:19"
        ],
        "release": "5.15.0-33-generic",
        "system": "Linux",
        "cpu": {
            "python_version": "3.10.4.final.0 (64 bit)",
            "cpuinfo_version": [
                8,
                0,
                0
            ],
            "cpuinfo_version_string": "8.0.0",
            "arch": "ARM_8",
            "bits": 64,
            "count": 8,
            "arch_string_raw": "aarch64",
            "flags": [
                "aes",
                "asimd",
                "asimddp",
                "asimdfhm",
                "asimdhp",
                "asimdrdm",
                "atomics",
                "cpuid",
                "crc32",
                "dcpodp",
                "dcpop",
                "dit",
                "evtstrm",
                "fcma",
                "flagm",
                "flagm2",
                "fp",
                "fphp",
                "frint",
                "ilrcpc",
                "jscvt",
                "lrcpc",
                "paca",
                "pacg",
                "pmull",
                "sb",
                "sha1",
                "sha2",
                "sha3",
                "sha512",
                "uscat"
            ],
            "vendor_id_raw": "0x00"
        }
    },
    "commit_info": {
        "id": "ce1b5dd44830be5f9bb0dccb3048bc2ef12c6bc1",
        "time": "2022-05-30T16:06:51+00:00",
        "author_time": "2022-05-30T16:06:51+00:00",
        "dirty": true,
        "project": "smcompiler-diffie-beepboop",
        "branch": "main"
    },
    "benchmarks": [
        {
            "group": null,
            "name": "test_nb_scal_add_1",
            "fullname": "1smcompiler/test_performances.py::test_nb_scal_add_1",
            "params": null,
            "param": null,
            "extra_info": {},
            "options": {
                "disable_gc": false,
                "timer": "perf_counter",
                "min_rounds": 25,
                "max_time": 1.0,
                "min_time": 5e-06,
                "warmup": false
            },
            "stats": {
                "min": 0.011767776000851882,
                "max": 0.016474510999614722,
                "mean": 0.012849851853170549,
                "stddev": 0.0010276945346180887,
                "rounds": 75,
                "median": 0.012611680998816155,
                "iqr": 0.0008663747512400732,
                "q1": 0.012152885748946574,
                "q3": 0.013019260500186647,
                "iqr_outliers": 8,
                "stddev_outliers": 11,
                "outliers": "11;8",
                "ld15iqr": 0.011767776000851882,
                "hd15iqr": 0.015022902000055183,
                "ops": 77.8219088769698,
                "total": 0.9637388889877911,
                "iterations": 1
            }
        },
        {
            "group": null,
            "name": "test_nb_scal_add_4",
            "fullname": "2smcompiler/test_performances.py::test_nb_scal_add_4",
            "params": null,
            "param": null,
            "extra_info": {},
            "options": {
                "disable_gc": false,
                "timer": "perf_counter",
                "min_rounds": 25,
                "max_time": 1.0,
                "min_time": 5e-06,
                "warmup": false
            },
            "stats": {
                "min": 0.012156857999798376,
                "max": 0.01816703599979519,
                "mean": 0.013082694842140833,
                "stddev": 0.0011634641346893566,
                "rounds": 38,
                "median": 0.012667788500039023,
                "iqr": 0.0007475329985027201,
                "q1": 0.01249747800102341,
                "q3": 0.01324501099952613,
                "iqr_outliers": 3,
                "stddev_outliers": 3,
                "outliers": "3;3",
                "ld15iqr": 0.012156857999798376,
                "hd15iqr": 0.014644495000538882,
                "ops": 76.43685128073822,
                "total": 0.4971424040013517,
                "iterations": 1
            }
        },
        {
            "group": null,
            "name": "test_nb_scal_add_8",
            "fullname": "3smcompiler/test_performances.py::test_nb_scal_add_8",
            "params": null,
            "param": null,
            "extra_info": {},
            "options": {
                "disable_gc": false,
                "timer": "perf_counter",
                "min_rounds": 25,
                "max_time": 1.0,
                "min_time": 5e-06,
                "warmup": false
            },
            "stats": {
                "min": 0.012014277999696787,
                "max": 0.01889615700019931,
                "mean": 0.013017270393847315,
                "stddev": 0.0013018372835061126,
                "rounds": 33,
                "median": 0.012583063999045407,
                "iqr": 0.0009749044997988676,
                "q1": 0.012250098749973404,
                "q3": 0.013225003249772271,
                "iqr_outliers": 2,
                "stddev_outliers": 3,
                "outliers": "3;2",
                "ld15iqr": 0.012014277999696787,
                "hd15iqr": 0.015450946000783006,
                "ops": 76.82102082420101,
                "total": 0.4295699229969614,
                "iterations": 1
            }
        },
        {
            "group": null,
            "name": "test_nb_scal_add_16",
            "fullname": "4smcompiler/test_performances.py::test_nb_scal_add_16",
            "params": null,
            "param": null,
            "extra_info": {},
            "options": {
                "disable_gc": false,
                "timer": "perf_counter",
                "min_rounds": 25,
                "max_time": 1.0,
                "min_time": 5e-06,
                "warmup": false
            },
            "stats": {
                "min": 0.011789866999606602,
                "max": 0.01509066300059203,
                "mean": 0.012595674373201223,
                "stddev": 0.00073693803620044,
                "rounds": 67,
                "median": 0.01234244400075113,
                "iqr": 0.0008786259995758883,
                "q1": 0.012089447000562359,
                "q3": 0.012968073000138247,
                "iqr_outliers": 3,
                "stddev_outliers": 12,
                "outliers": "12;3",
                "ld15iqr": 0.011789866999606602,
                "hd15iqr": 0.014378087000295636,
                "ops": 79.39233504857965,
                "total": 0.843910183004482,
                "iterations": 1
            }
        },
        {
            "group": null,
            "name": "test_nb_scal_add_32",
            "fullname": "5smcompiler/test_performances.py::test_nb_scal_add_32",
            "params": null,
            "param": null,
            "extra_info": {},
            "options": {
                "disable_gc": false,
                "timer": "perf_counter",
                "min_rounds": 25,
                "max_time": 1.0,
                "min_time": 5e-06,
                "warmup": false
            },
            "stats": {
                "min": 0.011740744999769959,
                "max": 0.022119671999462298,
                "mean": 0.014081101275725563,
                "stddev": 0.0022921745869568725,
                "rounds": 29,
                "median": 0.013251519998448202,
                "iqr": 0.0012644437488233962,
                "q1": 0.01289819050089136,
                "q3": 0.014162634249714756,
                "iqr_outliers": 5,
                "stddev_outliers": 6,
                "outliers": "6;5",
                "ld15iqr": 0.011740744999769959,
                "hd15iqr": 0.016846230000737705,
                "ops": 71.01717262156916,
                "total": 0.40835193699604133,
                "iterations": 1
            }
        },
        {
            "group": null,
            "name": "test_nb_scal_add_64",
            "fullname": "6smcompiler/test_performances.py::test_nb_scal_add_64",
            "params": null,
            "param": null,
            "extra_info": {},
            "options": {
                "disable_gc": false,
                "timer": "perf_counter",
                "min_rounds": 25,
                "max_time": 1.0,
                "min_time": 5e-06,
                "warmup": false
            },
            "stats": {
                "min": 0.012760777999574202,
                "max": 0.022403881001082482,
                "mean": 0.01480851593109476,
                "stddev": 0.002091252430057287,
                "rounds": 29,
                "median": 0.014176638000208186,
                "iqr": 0.001627991998248035,
                "q1": 0.013585123501343332,
                "q3": 0.015213115499591368,
                "iqr_outliers": 3,
                "stddev_outliers": 4,
                "outliers": "4;3",
                "ld15iqr": 0.012760777999574202,
                "hd15iqr": 0.018393508000372094,
                "ops": 67.52871149634994,
                "total": 0.42944696200174803,
                "iterations": 1
            }
        },
        {
            "group": null,
            "name": "test_nb_scal_add_128",
            "fullname": "7smcompiler/test_performances.py::test_nb_scal_add_128",
            "params": null,
            "param": null,
            "extra_info": {},
            "options": {
                "disable_gc": false,
                "timer": "perf_counter",
                "min_rounds": 25,
                "max_time": 1.0,
                "min_time": 5e-06,
                "warmup": false
            },
            "stats": {
                "min": 0.011935373000596883,
                "max": 0.018818841001120745,
                "mean": 0.013567060790386852,
                "stddev": 0.0009790435768072079,
                "rounds": 62,
                "median": 0.013414003499747196,
                "iqr": 0.0012083199999324279,
                "q1": 0.012902030000986997,
                "q3": 0.014110350000919425,
                "iqr_outliers": 1,
                "stddev_outliers": 10,
                "outliers": "10;1",
                "ld15iqr": 0.011935373000596883,
                "hd15iqr": 0.018818841001120745,
                "ops": 73.70793242914966,
                "total": 0.8411577690039849,
                "iterations": 1
            }
        },
        {
            "group": null,
            "name": "test_nb_scal_add_256",
            "fullname": "8smcompiler/test_performances.py::test_nb_scal_add_256",
            "params": null,
            "param": null,
            "extra_info": {},
            "options": {
                "disable_gc": false,
                "timer": "perf_counter",
                "min_rounds": 25,
                "max_time": 1.0,
                "min_time": 5e-06,
                "warmup": false
            },
            "stats": {
                "min": 0.012890907000837615,
                "max": 0.02670613800000865,
                "mean": 0.014173772279973492,
                "stddev": 0.0027807346130642847,
                "rounds": 25,
                "median": 0.013349152999580838,
                "iqr": 0.0010065207488878514,
                "q1": 0.013062103250376822,
                "q3": 0.014068623999264673,
                "iqr_outliers": 2,
                "stddev_outliers": 2,
                "outliers": "2;2",
                "ld15iqr": 0.012890907000837615,
                "hd15iqr": 0.017423777000658447,
                "ops": 70.55284791141503,
                "total": 0.3543443069993373,
                "iterations": 1
            }
        },
        {
            "group": null,
            "name": "test_nb_scal_add_512",
            "fullname": "9smcompiler/test_performances.py::test_nb_scal_add_512",
            "params": null,
            "param": null,
            "extra_info": {},
            "options": {
                "disable_gc": false,
                "timer": "perf_counter",
                "min_rounds": 25,
                "max_time": 1.0,
                "min_time": 5e-06,
                "warmup": false
            },
            "stats": {
                "min": 0.013706985000681016,
                "max": 0.024142379001204972,
                "mean": 0.014725196320359828,
                "stddev": 0.0020980984553961948,
                "rounds": 25,
                "median": 0.014156479999655858,
                "iqr": 0.00042540175081740017,
                "q1": 0.01400276324875449,
                "q3": 0.01442816499957189,
                "iqr_outliers": 2,
                "stddev_outliers": 2,
                "outliers": "2;2",
                "ld15iqr": 0.013706985000681016,
                "hd15iqr": 0.017653112001426052,
                "ops": 67.91080935317294,
                "total": 0.3681299080089957,
                "iterations": 1
            }
        }
    ],
    "datetime": "2022-06-01T16:24:30.787784",
    "version": "3.4.1"
}