{
    "machine_info": {
        "node": "ubuntu-robb",
        "processor": "aarch64",
        "machine": "aarch64",
        "python_compiler": "GCC 11.2.0",
        "python_implementation": "CPython",
        "python_implementation_version": "3.10.4",
        "python_version": "3.10.4",
        "python_build": [
            "main",
            "Apr  2 2022 09:04:19"
        ],
        "release": "5.15.0-33-generic",
        "system": "Linux",
        "cpu": {
            "python_version": "3.10.4.final.0 (64 bit)",
            "cpuinfo_version": [
                8,
                0,
                0
            ],
            "cpuinfo_version_string": "8.0.0",
            "arch": "ARM_8",
            "bits": 64,
            "count": 8,
            "arch_string_raw": "aarch64",
            "flags": [
                "aes",
                "asimd",
                "asimddp",
                "asimdfhm",
                "asimdhp",
                "asimdrdm",
                "atomics",
                "cpuid",
                "crc32",
                "dcpodp",
                "dcpop",
                "dit",
                "evtstrm",
                "fcma",
                "flagm",
                "flagm2",
                "fp",
                "fphp",
                "frint",
                "ilrcpc",
                "jscvt",
                "lrcpc",
                "paca",
                "pacg",
                "pmull",
                "sb",
                "sha1",
                "sha2",
                "sha3",
                "sha512",
                "uscat"
            ],
            "vendor_id_raw": "0x00"
        }
    },
    "commit_info": {
        "id": "ce1b5dd44830be5f9bb0dccb3048bc2ef12c6bc1",
        "time": "2022-05-30T16:06:51+00:00",
        "author_time": "2022-05-30T16:06:51+00:00",
        "dirty": true,
        "project": "smcompiler-diffie-beepboop",
        "branch": "main"
    },
    "benchmarks": [
        {
            "group": null,
            "name": "test_nb_sec_mul_1",
            "fullname": "1smcompiler/test_performances.py::test_nb_sec_mul_1",
            "params": null,
            "param": null,
            "extra_info": {},
            "options": {
                "disable_gc": false,
                "timer": "perf_counter",
                "min_rounds": 25,
                "max_time": 1.0,
                "min_time": 5e-06,
                "warmup": false
            },
            "stats": {
                "min": 0.01851185799932864,
                "max": 0.024369340999328415,
                "mean": 0.019583773708329016,
                "stddev": 0.0009958511372414438,
                "rounds": 48,
                "median": 0.01930607800022699,
                "iqr": 0.0007351595004365663,
                "q1": 0.019077226499575772,
                "q3": 0.01981238600001234,
                "iqr_outliers": 3,
                "stddev_outliers": 7,
                "outliers": "7;3",
                "ld15iqr": 0.01851185799932864,
                "hd15iqr": 0.021365744998547598,
                "ops": 51.062681528774924,
                "total": 0.9400211379997927,
                "iterations": 1
            }
        },
        {
            "group": null,
            "name": "test_nb_sec_mul_4",
            "fullname": "2smcompiler/test_performances.py::test_nb_sec_mul_4",
            "params": null,
            "param": null,
            "extra_info": {},
            "options": {
                "disable_gc": false,
                "timer": "perf_counter",
                "min_rounds": 25,
                "max_time": 1.0,
                "min_time": 5e-06,
                "warmup": false
            },
            "stats": {
                "min": 0.03628739700070582,
                "max": 0.058807760000490816,
                "mean": 0.040185693720122796,
                "stddev": 0.006190385658652567,
                "rounds": 25,
                "median": 0.037726258000475354,
                "iqr": 0.0020656367491938,
                "q1": 0.03717973125048957,
                "q3": 0.03924536799968337,
                "iqr_outliers": 4,
                "stddev_outliers": 4,
                "outliers": "4;4",
                "ld15iqr": 0.03628739700070582,
                "hd15iqr": 0.04737687199849461,
                "ops": 24.88447771897626,
                "total": 1.00464234300307,
                "iterations": 1
            }
        },
        {
            "group": null,
            "name": "test_nb_sec_mul_8",
            "fullname": "3smcompiler/test_performances.py::test_nb_sec_mul_8",
            "params": null,
            "param": null,
            "extra_info": {},
            "options": {
                "disable_gc": false,
                "timer": "perf_counter",
                "min_rounds": 25,
                "max_time": 1.0,
                "min_time": 5e-06,
                "warmup": false
            },
            "stats": {
                "min": 0.05966205799995805,
                "max": 0.11278030199900968,
                "mean": 0.06606031512012123,
                "stddev": 0.01093301177532536,
                "rounds": 25,
                "median": 0.06294719300058205,
                "iqr": 0.00494281650026096,
                "q1": 0.06083891175012468,
                "q3": 0.06578172825038564,
                "iqr_outliers": 3,
                "stddev_outliers": 2,
                "outliers": "2;3",
                "ld15iqr": 0.05966205799995805,
                "hd15iqr": 0.07360292399971513,
                "ops": 15.137681347442001,
                "total": 1.6515078780030308,
                "iterations": 1
            }
        },
        {
            "group": null,
            "name": "test_nb_sec_mul_16",
            "fullname": "4smcompiler/test_performances.py::test_nb_sec_mul_16",
            "params": null,
            "param": null,
            "extra_info": {},
            "options": {
                "disable_gc": false,
                "timer": "perf_counter",
                "min_rounds": 25,
                "max_time": 1.0,
                "min_time": 5e-06,
                "warmup": false
            },
            "stats": {
                "min": 0.10679726300077164,
                "max": 0.14953470500040567,
                "mean": 0.11290631676019984,
                "stddev": 0.010061119761989425,
                "rounds": 25,
                "median": 0.10853266400044959,
                "iqr": 0.0055845522501840605,
                "q1": 0.10756813975012847,
                "q3": 0.11315269200031253,
                "iqr_outliers": 3,
                "stddev_outliers": 3,
                "outliers": "3;3",
                "ld15iqr": 0.10679726300077164,
                "hd15iqr": 0.12564309200024582,
                "ops": 8.8569003816136,
                "total": 2.822657919004996,
                "iterations": 1
            }
        },
        {
            "group": null,
            "name": "test_nb_sec_mul_32",
            "fullname": "5smcompiler/test_performances.py::test_nb_sec_mul_32",
            "params": null,
            "param": null,
            "extra_info": {},
            "options": {
                "disable_gc": false,
                "timer": "perf_counter",
                "min_rounds": 25,
                "max_time": 1.0,
                "min_time": 5e-06,
                "warmup": false
            },
            "stats": {
                "min": 0.20006024799840816,
                "max": 0.2729418460003217,
                "mean": 0.211110482239892,
                "stddev": 0.015599981426493827,
                "rounds": 25,
                "median": 0.20444850500098255,
                "iqr": 0.014404517249658966,
                "q1": 0.20154616899981193,
                "q3": 0.2159506862494709,
                "iqr_outliers": 1,
                "stddev_outliers": 3,
                "outliers": "3;1",
                "ld15iqr": 0.20006024799840816,
                "hd15iqr": 0.2729418460003217,
                "ops": 4.736856215712046,
                "total": 5.2777620559973,
                "iterations": 1
            }
        },
        {
            "group": null,
            "name": "test_nb_sec_mul_64",
            "fullname": "6smcompiler/test_performances.py::test_nb_sec_mul_64",
            "params": null,
            "param": null,
            "extra_info": {},
            "options": {
                "disable_gc": false,
                "timer": "perf_counter",
                "min_rounds": 25,
                "max_time": 1.0,
                "min_time": 5e-06,
                "warmup": false
            },
            "stats": {
                "min": 0.3844063139986247,
                "max": 0.5242767149993597,
                "mean": 0.41205575043990395,
                "stddev": 0.035259736210413326,
                "rounds": 25,
                "median": 0.3983371120011725,
                "iqr": 0.016969043500921543,
                "q1": 0.3902801549998003,
                "q3": 0.40724919850072183,
                "iqr_outliers": 5,
                "stddev_outliers": 5,
                "outliers": "5;5",
                "ld15iqr": 0.3844063139986247,
                "hd15iqr": 0.45929274399895803,
                "ops": 2.426856072102905,
                "total": 10.301393760997598,
                "iterations": 1
            }
        },
        {
            "group": null,
            "name": "test_nb_sec_mul_128",
            "fullname": "7smcompiler/test_performances.py::test_nb_sec_mul_128",
            "params": null,
            "param": null,
            "extra_info": {},
            "options": {
                "disable_gc": false,
                "timer": "perf_counter",
                "min_rounds": 25,
                "max_time": 1.0,
                "min_time": 5e-06,
                "warmup": false
            },
            "stats": {
                "min": 0.7583486389994505,
                "max": 0.890563896000458,
                "mean": 0.8020171583199408,
                "stddev": 0.03492939279917525,
                "rounds": 25,
                "median": 0.7899629780004034,
                "iqr": 0.05691041700038113,
                "q1": 0.7732599582504918,
                "q3": 0.8301703752508729,
                "iqr_outliers": 0,
                "stddev_outliers": 7,
                "outliers": "7;0",
                "ld15iqr": 0.7583486389994505,
                "hd15iqr": 0.890563896000458,
                "ops": 1.2468561172616208,
                "total": 20.05042895799852,
                "iterations": 1
            }
        },
        {
            "group": null,
            "name": "test_nb_sec_mul_256",
            "fullname": "8smcompiler/test_performances.py::test_nb_sec_mul_256",
            "params": null,
            "param": null,
            "extra_info": {},
            "options": {
                "disable_gc": false,
                "timer": "perf_counter",
                "min_rounds": 25,
                "max_time": 1.0,
                "min_time": 5e-06,
                "warmup": false
            },
            "stats": {
                "min": 1.4896761029995105,
                "max": 1.7300162700012152,
                "mean": 1.6034217900400836,
                "stddev": 0.06500635974595578,
                "rounds": 25,
                "median": 1.600798269999359,
                "iqr": 0.06522429475126046,
                "q1": 1.5721649642496232,
                "q3": 1.6373892590008836,
                "iqr_outliers": 0,
                "stddev_outliers": 11,
                "outliers": "11;0",
                "ld15iqr": 1.4896761029995105,
                "hd15iqr": 1.7300162700012152,
                "ops": 0.6236662157216918,
                "total": 40.08554475100209,
                "iterations": 1
            }
        },
        {
            "group": null,
            "name": "test_nb_sec_mul_400",
            "fullname": "9smcompiler/test_performances.py::test_nb_sec_mul_400",
            "params": null,
            "param": null,
            "extra_info": {},
            "options": {
                "disable_gc": false,
                "timer": "perf_counter",
                "min_rounds": 25,
                "max_time": 1.0,
                "min_time": 5e-06,
                "warmup": false
            },
            "stats": {
                "min": 2.4539464289991884,
                "max": 2.8130917250000493,
                "mean": 2.678408224600062,
                "stddev": 0.10116572317827008,
                "rounds": 25,
                "median": 2.6959751220001635,
                "iqr": 0.13546975025019492,
                "q1": 2.6181838950010388,
                "q3": 2.7536536452512337,
                "iqr_outliers": 0,
                "stddev_outliers": 9,
                "outliers": "9;0",
                "ld15iqr": 2.4539464289991884,
                "hd15iqr": 2.8130917250000493,
                "ops": 0.37335608172623475,
                "total": 66.96020561500154,
                "iterations": 1
            }
        }
    ],
    "datetime": "2022-06-01T16:28:40.137572",
    "version": "3.4.1"
}