{
    "machine_info": {
        "node": "ubuntu-robb",
        "processor": "aarch64",
        "machine": "aarch64",
        "python_compiler": "GCC 11.2.0",
        "python_implementation": "CPython",
        "python_implementation_version": "3.10.4",
        "python_version": "3.10.4",
        "python_build": [
            "main",
            "Apr  2 2022 09:04:19"
        ],
        "release": "5.15.0-33-generic",
        "system": "Linux",
        "cpu": {
            "python_version": "3.10.4.final.0 (64 bit)",
            "cpuinfo_version": [
                8,
                0,
                0
            ],
            "cpuinfo_version_string": "8.0.0",
            "arch": "ARM_8",
            "bits": 64,
            "count": 8,
            "arch_string_raw": "aarch64",
            "flags": [
                "aes",
                "asimd",
                "asimddp",
                "asimdfhm",
                "asimdhp",
                "asimdrdm",
                "atomics",
                "cpuid",
                "crc32",
                "dcpodp",
                "dcpop",
                "dit",
                "evtstrm",
                "fcma",
                "flagm",
                "flagm2",
                "fp",
                "fphp",
                "frint",
                "ilrcpc",
                "jscvt",
                "lrcpc",
                "paca",
                "pacg",
                "pmull",
                "sb",
                "sha1",
                "sha2",
                "sha3",
                "sha512",
                "uscat"
            ],
            "vendor_id_raw": "0x00"
        }
    },
    "commit_info": {
        "id": "ce1b5dd44830be5f9bb0dccb3048bc2ef12c6bc1",
        "time": "2022-05-30T16:06:51+00:00",
        "author_time": "2022-05-30T16:06:51+00:00",
        "dirty": true,
        "project": "smcompiler-diffie-beepboop",
        "branch": "main"
    },
    "benchmarks": [
        {
            "group": null,
            "name": "test_nb_scal_mul_1",
            "fullname": "1smcompiler/test_performances.py::test_nb_scal_mul_1",
            "params": null,
            "param": null,
            "extra_info": {},
            "options": {
                "disable_gc": false,
                "timer": "perf_counter",
                "min_rounds": 25,
                "max_time": 1.0,
                "min_time": 5e-06,
                "warmup": false
            },
            "stats": {
                "min": 0.011835269000584958,
                "max": 0.015085250999618438,
                "mean": 0.012672814246739167,
                "stddev": 0.000654484438422237,
                "rounds": 77,
                "median": 0.012434474001565832,
                "iqr": 0.0008084332489488588,
                "q1": 0.012209454500862194,
                "q3": 0.013017887749811052,
                "iqr_outliers": 3,
                "stddev_outliers": 16,
                "outliers": "16;3",
                "ld15iqr": 0.011835269000584958,
                "hd15iqr": 0.014291172001321684,
                "ops": 78.90907106582969,
                "total": 0.9758066969989159,
                "iterations": 1
            }
        },
        {
            "group": null,
            "name": "test_nb_scal_mul_4",
            "fullname": "2smcompiler/test_performances.py::test_nb_scal_mul_4",
            "params": null,
            "param": null,
            "extra_info": {},
            "options": {
                "disable_gc": false,
                "timer": "perf_counter",
                "min_rounds": 25,
                "max_time": 1.0,
                "min_time": 5e-06,
                "warmup": false
            },
            "stats": {
                "min": 0.012088518999007647,
                "max": 0.021488219001184916,
                "mean": 0.01348535171993717,
                "stddev": 0.0019557042955430466,
                "rounds": 25,
                "median": 0.01273230699916894,
                "iqr": 0.0012829520001105266,
                "q1": 0.012511287249708403,
                "q3": 0.01379423924981893,
                "iqr_outliers": 2,
                "stddev_outliers": 2,
                "outliers": "2;2",
                "ld15iqr": 0.012088518999007647,
                "hd15iqr": 0.016857618000358343,
                "ops": 74.15453603049659,
                "total": 0.33713379299842927,
                "iterations": 1
            }
        },
        {
            "group": null,
            "name": "test_nb_scal_mul_8",
            "fullname": "3smcompiler/test_performances.py::test_nb_scal_mul_8",
            "params": null,
            "param": null,
            "extra_info": {},
            "options": {
                "disable_gc": false,
                "timer": "perf_counter",
                "min_rounds": 25,
                "max_time": 1.0,
                "min_time": 5e-06,
                "warmup": false
            },
            "stats": {
                "min": 0.012202395000713295,
                "max": 0.05550896100066893,
                "mean": 0.01552319599990629,
                "stddev": 0.008623149230956023,
                "rounds": 28,
                "median": 0.012850433500716463,
                "iqr": 0.0013478895016305614,
                "q1": 0.012521954999101581,
                "q3": 0.013869844500732142,
                "iqr_outliers": 4,
                "stddev_outliers": 2,
                "outliers": "2;4",
                "ld15iqr": 0.012202395000713295,
                "hd15iqr": 0.017371201000059955,
                "ops": 64.41972387683803,
                "total": 0.4346494879973761,
                "iterations": 1
            }
        },
        {
            "group": null,
            "name": "test_nb_scal_mul_16",
            "fullname": "4smcompiler/test_performances.py::test_nb_scal_mul_16",
            "params": null,
            "param": null,
            "extra_info": {},
            "options": {
                "disable_gc": false,
                "timer": "perf_counter",
                "min_rounds": 25,
                "max_time": 1.0,
                "min_time": 5e-06,
                "warmup": false
            },
            "stats": {
                "min": 0.012307896000493201,
                "max": 0.021588849000181654,
                "mean": 0.015182936360142776,
                "stddev": 0.0019484414864581706,
                "rounds": 25,
                "median": 0.014652592999482295,
                "iqr": 0.0013842527509950742,
                "q1": 0.014283073999649787,
                "q3": 0.01566732675064486,
                "iqr_outliers": 2,
                "stddev_outliers": 6,
                "outliers": "6;2",
                "ld15iqr": 0.012307896000493201,
                "hd15iqr": 0.018163991000619717,
                "ops": 65.86341247040545,
                "total": 0.3795734090035694,
                "iterations": 1
            }
        },
        {
            "group": null,
            "name": "test_nb_scal_mul_32",
            "fullname": "5smcompiler/test_performances.py::test_nb_scal_mul_32",
            "params": null,
            "param": null,
            "extra_info": {},
            "options": {
                "disable_gc": false,
                "timer": "perf_counter",
                "min_rounds": 25,
                "max_time": 1.0,
                "min_time": 5e-06,
                "warmup": false
            },
            "stats": {
                "min": 0.011897690999830957,
                "max": 0.02207089100011217,
                "mean": 0.013068323439947563,
                "stddev": 0.002159236797716169,
                "rounds": 25,
                "median": 0.012387188000502647,
                "iqr": 0.0007014025009084435,
                "q1": 0.012145419249009137,
                "q3": 0.01284682174991758,
                "iqr_outliers": 3,
                "stddev_outliers": 2,
                "outliers": "2;3",
                "ld15iqr": 0.011897690999830957,
                "hd15iqr": 0.014199221001035767,
                "ops": 76.52090986232987,
                "total": 0.32670808599868906,
                "iterations": 1
            }
        },
        {
            "group": null,
            "name": "test_nb_scal_mul_64",
            "fullname": "6smcompiler/test_performances.py::test_nb_scal_mul_64",
            "params": null,
            "param": null,
            "extra_info": {},
            "options": {
                "disable_gc": false,
                "timer": "perf_counter",
                "min_rounds": 25,
                "max_time": 1.0,
                "min_time": 5e-06,
                "warmup": false
            },
            "stats": {
                "min": 0.012427939998815418,
                "max": 0.02343242800088774,
                "mean": 0.013643383879898465,
                "stddev": 0.002289373345837637,
                "rounds": 25,
                "median": 0.012887230001069838,
                "iqr": 0.0006768710004507739,
                "q1": 0.012744969749746815,
                "q3": 0.013421840750197589,
                "iqr_outliers": 3,
                "stddev_outliers": 2,
                "outliers": "2;3",
                "ld15iqr": 0.012427939998815418,
                "hd15iqr": 0.014495179999357788,
                "ops": 73.29559944973431,
                "total": 0.34108459699746163,
                "iterations": 1
            }
        },
        {
            "group": null,
            "name": "test_nb_scal_mul_128",
            "fullname": "7smcompiler/test_performances.py::test_nb_scal_mul_128",
            "params": null,
            "param": null,
            "extra_info": {},
            "options": {
                "disable_gc": false,
                "timer": "perf_counter",
                "min_rounds": 25,
                "max_time": 1.0,
                "min_time": 5e-06,
                "warmup": false
            },
            "stats": {
                "min": 0.012301191998631111,
                "max": 0.02309997399970598,
                "mean": 0.01408372663972841,
                "stddev": 0.002458917092792614,
                "rounds": 25,
                "median": 0.013163436999093392,
                "iqr": 0.0020971777512386325,
                "q1": 0.0127018144989961,
                "q3": 0.014798992250234733,
                "iqr_outliers": 2,
                "stddev_outliers": 2,
                "outliers": "2;2",
                "ld15iqr": 0.012301191998631111,
                "hd15iqr": 0.01961294900138455,
                "ops": 71.00393422711902,
                "total": 0.3520931659932103,
                "iterations": 1
            }
        },
        {
            "group": null,
            "name": "test_nb_scal_mul_256",
            "fullname": "8smcompiler/test_performances.py::test_nb_scal_mul_256",
            "params": null,
            "param": null,
            "extra_info": {},
            "options": {
                "disable_gc": false,
                "timer": "perf_counter",
                "min_rounds": 25,
                "max_time": 1.0,
                "min_time": 5e-06,
                "warmup": false
            },
            "stats": {
                "min": 0.0125680260007357,
                "max": 0.022719562000929727,
                "mean": 0.0137026567599969,
                "stddev": 0.0020324824474784596,
                "rounds": 25,
                "median": 0.013192897999033448,
                "iqr": 0.00046371700045710895,
                "q1": 0.012984252250134887,
                "q3": 0.013447969250591996,
                "iqr_outliers": 2,
                "stddev_outliers": 2,
                "outliers": "2;2",
                "ld15iqr": 0.0125680260007357,
                "hd15iqr": 0.016728256001442787,
                "ops": 72.97854843152521,
                "total": 0.34256641899992246,
                "iterations": 1
            }
        },
        {
            "group": null,
            "name": "test_nb_scal_mul_400",
            "fullname": "9smcompiler/test_performances.py::test_nb_scal_mul_400",
            "params": null,
            "param": null,
            "extra_info": {},
            "options": {
                "disable_gc": false,
                "timer": "perf_counter",
                "min_rounds": 25,
                "max_time": 1.0,
                "min_time": 5e-06,
                "warmup": false
            },
            "stats": {
                "min": 0.012341319999904954,
                "max": 0.02201898399835045,
                "mean": 0.01382140111993067,
                "stddev": 0.0019775783006773027,
                "rounds": 25,
                "median": 0.013246274000266567,
                "iqr": 0.0009245689993804262,
                "q1": 0.01294450425029936,
                "q3": 0.013869073249679786,
                "iqr_outliers": 2,
                "stddev_outliers": 2,
                "outliers": "2;2",
                "ld15iqr": 0.012341319999904954,
                "hd15iqr": 0.017548754000017652,
                "ops": 72.35156489004467,
                "total": 0.34553502799826674,
                "iterations": 1
            }
        }
    ],
    "datetime": "2022-06-01T16:30:00.583592",
    "version": "3.4.1"
}