{
    "machine_info": {
        "node": "cs523",
        "processor": "",
        "machine": "x86_64",
        "python_compiler": "GCC 10.2.1 20210110",
        "python_implementation": "CPython",
        "python_implementation_version": "3.9.2",
        "python_version": "3.9.2",
        "python_build": [
            "default",
            "Feb 28 2021 17:03:44"
        ],
        "release": "5.10.0-11-amd64",
        "system": "Linux",
        "cpu": {
            "python_version": "3.9.2.final.0 (64 bit)",
            "cpuinfo_version": [
                8,
                0,
                0
            ],
            "cpuinfo_version_string": "8.0.0",
            "arch": "X86_64",
            "bits": 64,
            "count": 1,
            "arch_string_raw": "x86_64",
            "vendor_id_raw": "GenuineIntel",
            "brand_raw": "Intel(R) Core(TM) i7-5650U CPU @ 2.20GHz",
            "hz_advertised_friendly": "2.2000 GHz",
            "hz_actual_friendly": "2.2000 GHz",
            "hz_advertised": [
                2200000000,
                0
            ],
            "hz_actual": [
                2199998000,
                0
            ],
            "stepping": 4,
            "model": 61,
            "family": 6,
            "flags": [
                "3dnowprefetch",
                "abm",
                "aes",
                "apic",
                "avx",
                "avx2",
                "clflush",
                "cmov",
                "constant_tsc",
                "cpuid",
                "cx16",
                "cx8",
                "de",
                "flush_l1d",
                "fpu",
                "fsgsbase",
                "fxsr",
                "ht",
                "hypervisor",
                "invpcid",
                "invpcid_single",
                "lahf_lm",
                "lm",
                "mca",
                "mce",
                "md_clear",
                "mmx",
                "monitor",
                "movbe",
                "msr",
                "mtrr",
                "nonstop_tsc",
                "nopl",
                "nx",
                "osxsave",
                "pae",
                "pat",
                "pcid",
                "pclmulqdq",
                "pge",
                "pni",
                "popcnt",
                "pse",
                "pse36",
                "pti",
                "rdrand",
                "rdrnd",
                "rdseed",
                "rdtscp",
                "rep_good",
                "sep",
                "sse",
                "sse2",
                "sse4_1",
                "sse4_2",
                "ssse3",
                "syscall",
                "tsc",
                "tsc_known_freq",
                "vme",
                "x2apic",
                "xsave",
                "xtopology"
            ],
            "l3_cache_size": 4194304,
            "l2_cache_size": "256 KiB",
            "l1_data_cache_size": "32 KiB",
            "l1_instruction_cache_size": "32 KiB",
            "l2_cache_line_size": 256,
            "l2_cache_associativity": 6
        }
    },
    "commit_info": {
        "id": "ec5051a13070f901a2ba1d39d47541e31a6396c3",
        "time": "2022-06-01T21:01:39+02:00",
        "author_time": "2022-06-01T21:01:39+02:00",
        "dirty": true,
        "project": "smcompiler-diffie-beepboop",
        "branch": "main"
    },
    "benchmarks": [
        {
            "group": null,
            "name": "test_nb_parties_2",
            "fullname": "smcompiler/test_performances.py::test_nb_parties_2",
            "params": null,
            "param": null,
            "extra_info": {},
            "options": {
                "disable_gc": false,
                "timer": "perf_counter",
                "min_rounds": 25,
                "max_time": 1.0,
                "min_time": 5e-06,
                "warmup": false
            },
            "stats": {
                "min": 0.05433948399999622,
                "max": 0.09219999900000175,
                "mean": 0.06099961919999828,
                "stddev": 0.007725094817441761,
                "rounds": 25,
                "median": 0.05917641100000992,
                "iqr": 0.0035937609999905362,
                "q1": 0.05732792975000223,
                "q3": 0.06092169074999276,
                "iqr_outliers": 3,
                "stddev_outliers": 3,
                "outliers": "3;3",
                "ld15iqr": 0.05433948399999622,
                "hd15iqr": 0.06912630400000808,
                "ops": 16.393544961671306,
                "total": 1.524990479999957,
                "iterations": 1
            }
        },
        {
            "group": null,
            "name": "test_nb_parties_4",
            "fullname": "smcompiler/test_performances.py::test_nb_parties_4",
            "params": null,
            "param": null,
            "extra_info": {},
            "options": {
                "disable_gc": false,
                "timer": "perf_counter",
                "min_rounds": 25,
                "max_time": 1.0,
                "min_time": 5e-06,
                "warmup": false
            },
            "stats": {
                "min": 0.20818941299998528,
                "max": 0.35694455800000924,
                "mean": 0.2443276645599974,
                "stddev": 0.0366826124693278,
                "rounds": 25,
                "median": 0.23010006900000235,
                "iqr": 0.027676980750008795,
                "q1": 0.22238017274999322,
                "q3": 0.250057153500002,
                "iqr_outliers": 2,
                "stddev_outliers": 5,
                "outliers": "5;2",
                "ld15iqr": 0.20818941299998528,
                "hd15iqr": 0.32830242200000725,
                "ops": 4.092864399129223,
                "total": 6.108191613999935,
                "iterations": 1
            }
        },
        {
            "group": null,
            "name": "test_nb_parties_8",
            "fullname": "smcompiler/test_performances.py::test_nb_parties_8",
            "params": null,
            "param": null,
            "extra_info": {},
            "options": {
                "disable_gc": false,
                "timer": "perf_counter",
                "min_rounds": 25,
                "max_time": 1.0,
                "min_time": 5e-06,
                "warmup": false
            },
            "stats": {
                "min": 0.6495069689999866,
                "max": 1.296959802999993,
                "mean": 0.7626482345199986,
                "stddev": 0.12845574053325315,
                "rounds": 25,
                "median": 0.7276692959999878,
                "iqr": 0.06743046624998783,
                "q1": 0.7041705202500097,
                "q3": 0.7716009864999975,
                "iqr_outliers": 2,
                "stddev_outliers": 2,
                "outliers": "2;2",
                "ld15iqr": 0.6495069689999866,
                "hd15iqr": 0.9301585940000052,
                "ops": 1.3112205007979696,
                "total": 19.066205862999965,
                "iterations": 1
            }
        },
        {
            "group": null,
            "name": "test_nb_parties_16",
            "fullname": "smcompiler/test_performances.py::test_nb_parties_16",
            "params": null,
            "param": null,
            "extra_info": {},
            "options": {
                "disable_gc": false,
                "timer": "perf_counter",
                "min_rounds": 25,
                "max_time": 1.0,
                "min_time": 5e-06,
                "warmup": false
            },
            "stats": {
                "min": 2.3572854729999904,
                "max": 3.6577072840000255,
                "mean": 2.6669023718399942,
                "stddev": 0.3379710685740419,
                "rounds": 25,
                "median": 2.5511055849999877,
                "iqr": 0.23671778625000428,
                "q1": 2.491151074749993,
                "q3": 2.7278688609999975,
                "iqr_outliers": 2,
                "stddev_outliers": 3,
                "outliers": "3;2",
                "ld15iqr": 2.3572854729999904,
                "hd15iqr": 3.656775739000011,
                "ops": 0.37496685688950177,
                "total": 66.67255929599986,
                "iterations": 1
            }
        },
        {
            "group": null,
            "name": "test_nb_parties_25",
            "fullname": "smcompiler/test_performances.py::test_nb_parties_25",
            "params": null,
            "param": null,
            "extra_info": {},
            "options": {
                "disable_gc": false,
                "timer": "perf_counter",
                "min_rounds": 25,
                "max_time": 1.0,
                "min_time": 5e-06,
                "warmup": false
            },
            "stats": {
                "min": 5.505762381000011,
                "max": 7.729162333000033,
                "mean": 5.867415028640007,
                "stddev": 0.4794811727174802,
                "rounds": 25,
                "median": 5.767639484999961,
                "iqr": 0.3639315167499575,
                "q1": 5.6097006060000325,
                "q3": 5.97363212274999,
                "iqr_outliers": 2,
                "stddev_outliers": 2,
                "outliers": "2;2",
                "ld15iqr": 5.505762381000011,
                "hd15iqr": 6.87917078800001,
                "ops": 0.17043280475623476,
                "total": 146.68537571600018,
                "iterations": 1
            }
        },
        {
            "group": null,
            "name": "test_nb_parties_32",
            "fullname": "smcompiler/test_performances.py::test_nb_parties_32",
            "params": null,
            "param": null,
            "extra_info": {},
            "options": {
                "disable_gc": false,
                "timer": "perf_counter",
                "min_rounds": 25,
                "max_time": 1.0,
                "min_time": 5e-06,
                "warmup": false
            },
            "stats": {
                "min": 6.986891895999975,
                "max": 12.702932695000072,
                "mean": 8.1410862378,
                "stddev": 1.3709218639537595,
                "rounds": 25,
                "median": 8.238801098000067,
                "iqr": 1.284014864749949,
                "q1": 7.099910364500033,
                "q3": 8.383925229249982,
                "iqr_outliers": 2,
                "stddev_outliers": 2,
                "outliers": "2;2",
                "ld15iqr": 6.986891895999975,
                "hd15iqr": 11.441996370000084,
                "ops": 0.1228337313707457,
                "total": 203.527155945,
                "iterations": 1
            }
        },
        {
            "group": null,
            "name": "test_nb_parties_48",
            "fullname": "smcompiler/test_performances.py::test_nb_parties_48",
            "params": null,
            "param": null,
            "extra_info": {},
            "options": {
                "disable_gc": false,
                "timer": "perf_counter",
                "min_rounds": 25,
                "max_time": 1.0,
                "min_time": 5e-06,
                "warmup": false
            },
            "stats": {
                "min": 15.457432504999929,
                "max": 16.311285131999966,
                "mean": 15.81287808636002,
                "stddev": 0.1998838351911293,
                "rounds": 25,
                "median": 15.782699905999948,
                "iqr": 0.254687152000173,
                "q1": 15.674068132999963,
                "q3": 15.928755285000136,
                "iqr_outliers": 1,
                "stddev_outliers": 7,
                "outliers": "7;1",
                "ld15iqr": 15.457432504999929,
                "hd15iqr": 16.311285131999966,
                "ops": 0.06323959462272633,
                "total": 395.3219521590005,
                "iterations": 1
            }
        },
        {
            "group": null,
            "name": "test_nb_parties_64",
            "fullname": "smcompiler/test_performances.py::test_nb_parties_64",
            "params": null,
            "param": null,
            "extra_info": {},
            "options": {
                "disable_gc": false,
                "timer": "perf_counter",
                "min_rounds": 25,
                "max_time": 1.0,
                "min_time": 5e-06,
                "warmup": false
            },
            "stats": {
                "min": 24.602391258999887,
                "max": 27.496748101000094,
                "mean": 25.52993115296,
                "stddev": 0.7671037868576366,
                "rounds": 25,
                "median": 25.387638400000014,
                "iqr": 0.5830866055000001,
                "q1": 25.055365880999943,
                "q3": 25.638452486499943,
                "iqr_outliers": 3,
                "stddev_outliers": 6,
                "outliers": "6;3",
                "ld15iqr": 24.602391258999887,
                "hd15iqr": 26.833295888000066,
                "ops": 0.039169710016396096,
                "total": 638.248278824,
                "iterations": 1
            }
        }
    ],
    "datetime": "2022-06-01T19:58:19.681482",
    "version": "3.4.1"
}