{
    "machine_info": {
        "node": "cs523",
        "processor": "",
        "machine": "x86_64",
        "python_compiler": "GCC 10.2.1 20210110",
        "python_implementation": "CPython",
        "python_implementation_version": "3.9.2",
        "python_version": "3.9.2",
        "python_build": [
            "default",
            "Feb 28 2021 17:03:44"
        ],
        "release": "5.10.0-11-amd64",
        "system": "Linux",
        "cpu": {
            "python_version": "3.9.2.final.0 (64 bit)",
            "cpuinfo_version": [
                8,
                0,
                0
            ],
            "cpuinfo_version_string": "8.0.0",
            "arch": "X86_64",
            "bits": 64,
            "count": 1,
            "arch_string_raw": "x86_64",
            "vendor_id_raw": "GenuineIntel",
            "brand_raw": "Intel(R) Core(TM) i7-5650U CPU @ 2.20GHz",
            "hz_advertised_friendly": "2.2000 GHz",
            "hz_actual_friendly": "2.2000 GHz",
            "hz_advertised": [
                2200000000,
                0
            ],
            "hz_actual": [
                2199998000,
                0
            ],
            "stepping": 4,
            "model": 61,
            "family": 6,
            "flags": [
                "3dnowprefetch",
                "abm",
                "aes",
                "apic",
                "avx",
                "avx2",
                "clflush",
                "cmov",
                "constant_tsc",
                "cpuid",
                "cx16",
                "cx8",
                "de",
                "flush_l1d",
                "fpu",
                "fsgsbase",
                "fxsr",
                "ht",
                "hypervisor",
                "invpcid",
                "invpcid_single",
                "lahf_lm",
                "lm",
                "mca",
                "mce",
                "md_clear",
                "mmx",
                "monitor",
                "movbe",
                "msr",
                "mtrr",
                "nonstop_tsc",
                "nopl",
                "nx",
                "osxsave",
                "pae",
                "pat",
                "pcid",
                "pclmulqdq",
                "pge",
                "pni",
                "popcnt",
                "pse",
                "pse36",
                "pti",
                "rdrand",
                "rdrnd",
                "rdseed",
                "rdtscp",
                "rep_good",
                "sep",
                "sse",
                "sse2",
                "sse4_1",
                "sse4_2",
                "ssse3",
                "syscall",
                "tsc",
                "tsc_known_freq",
                "vme",
                "x2apic",
                "xsave",
                "xtopology"
            ],
            "l3_cache_size": 4194304,
            "l2_cache_size": "256 KiB",
            "l1_data_cache_size": "32 KiB",
            "l1_instruction_cache_size": "32 KiB",
            "l2_cache_line_size": 256,
            "l2_cache_associativity": 6
        }
    },
    "commit_info": {
        "id": "ec5051a13070f901a2ba1d39d47541e31a6396c3",
        "time": "2022-06-01T21:01:39+02:00",
        "author_time": "2022-06-01T21:01:39+02:00",
        "dirty": true,
        "project": "smcompiler-diffie-beepboop",
        "branch": "main"
    },
    "benchmarks": [
        {
            "group": null,
            "name": "test_nb_sec_add_1",
            "fullname": "smcompiler/test_performances.py::test_nb_sec_add_1",
            "params": null,
            "param": null,
            "extra_info": {},
            "options": {
                "disable_gc": false,
                "timer": "perf_counter",
                "min_rounds": 25,
                "max_time": 1.0,
                "min_time": 5e-06,
                "warmup": false
            },
            "stats": {
                "min": 0.09336684400000195,
                "max": 0.11077563699996062,
                "mean": 0.0984971114399832,
                "stddev": 0.004893800433161902,
                "rounds": 25,
                "median": 0.09656276699979571,
                "iqr": 0.005908409749906696,
                "q1": 0.09509519725003202,
                "q3": 0.10100360699993871,
                "iqr_outliers": 2,
                "stddev_outliers": 6,
                "outliers": "6;2",
                "ld15iqr": 0.09336684400000195,
                "hd15iqr": 0.11017579000008482,
                "ops": 10.152581993323992,
                "total": 2.46242778599958,
                "iterations": 1
            }
        },
        {
            "group": null,
            "name": "test_nb_sec_add_4",
            "fullname": "smcompiler/test_performances.py::test_nb_sec_add_4",
            "params": null,
            "param": null,
            "extra_info": {},
            "options": {
                "disable_gc": false,
                "timer": "perf_counter",
                "min_rounds": 25,
                "max_time": 1.0,
                "min_time": 5e-06,
                "warmup": false
            },
            "stats": {
                "min": 0.09443796999994447,
                "max": 0.10741805599991494,
                "mean": 0.09948340643999472,
                "stddev": 0.004068451423567292,
                "rounds": 25,
                "median": 0.09838344300010249,
                "iqr": 0.006174589750116866,
                "q1": 0.09635914924996314,
                "q3": 0.10253373900008,
                "iqr_outliers": 0,
                "stddev_outliers": 7,
                "outliers": "7;0",
                "ld15iqr": 0.09443796999994447,
                "hd15iqr": 0.10741805599991494,
                "ops": 10.051927610693234,
                "total": 2.487085160999868,
                "iterations": 1
            }
        },
        {
            "group": null,
            "name": "test_nb_sec_add_8",
            "fullname": "smcompiler/test_performances.py::test_nb_sec_add_8",
            "params": null,
            "param": null,
            "extra_info": {},
            "options": {
                "disable_gc": false,
                "timer": "perf_counter",
                "min_rounds": 25,
                "max_time": 1.0,
                "min_time": 5e-06,
                "warmup": false
            },
            "stats": {
                "min": 0.09582322300002488,
                "max": 0.11441355900001327,
                "mean": 0.10058648091999203,
                "stddev": 0.004579889941154225,
                "rounds": 25,
                "median": 0.09902763499985667,
                "iqr": 0.003907764999951269,
                "q1": 0.09771470524998449,
                "q3": 0.10162247024993576,
                "iqr_outliers": 3,
                "stddev_outliers": 5,
                "outliers": "5;3",
                "ld15iqr": 0.09582322300002488,
                "hd15iqr": 0.1081271820000893,
                "ops": 9.941693862373162,
                "total": 2.5146620229998007,
                "iterations": 1
            }
        },
        {
            "group": null,
            "name": "test_nb_sec_add_16",
            "fullname": "smcompiler/test_performances.py::test_nb_sec_add_16",
            "params": null,
            "param": null,
            "extra_info": {},
            "options": {
                "disable_gc": false,
                "timer": "perf_counter",
                "min_rounds": 25,
                "max_time": 1.0,
                "min_time": 5e-06,
                "warmup": false
            },
            "stats": {
                "min": 0.09423592799998914,
                "max": 0.1130059300000994,
                "mean": 0.09874164116003158,
                "stddev": 0.00398450747040038,
                "rounds": 25,
                "median": 0.09783205899998393,
                "iqr": 0.0035896374998287683,
                "q1": 0.09646878725004626,
                "q3": 0.10005842474987503,
                "iqr_outliers": 1,
                "stddev_outliers": 5,
                "outliers": "5;1",
                "ld15iqr": 0.09423592799998914,
                "hd15iqr": 0.1130059300000994,
                "ops": 10.127439530595707,
                "total": 2.4685410290007894,
                "iterations": 1
            }
        },
        {
            "group": null,
            "name": "test_nb_sec_add_32",
            "fullname": "smcompiler/test_performances.py::test_nb_sec_add_32",
            "params": null,
            "param": null,
            "extra_info": {},
            "options": {
                "disable_gc": false,
                "timer": "perf_counter",
                "min_rounds": 25,
                "max_time": 1.0,
                "min_time": 5e-06,
                "warmup": false
            },
            "stats": {
                "min": 0.09936437500005013,
                "max": 0.11898558400002912,
                "mean": 0.11201521736001269,
                "stddev": 0.004527668297293207,
                "rounds": 25,
                "median": 0.11199667300002147,
                "iqr": 0.004062552500215588,
                "q1": 0.1105611472498822,
                "q3": 0.11462369975009778,
                "iqr_outliers": 2,
                "stddev_outliers": 8,
                "outliers": "8;2",
                "ld15iqr": 0.10475437499985674,
                "hd15iqr": 0.11898558400002912,
                "ops": 8.927358474751138,
                "total": 2.800380434000317,
                "iterations": 1
            }
        },
        {
            "group": null,
            "name": "test_nb_sec_add_64",
            "fullname": "smcompiler/test_performances.py::test_nb_sec_add_64",
            "params": null,
            "param": null,
            "extra_info": {},
            "options": {
                "disable_gc": false,
                "timer": "perf_counter",
                "min_rounds": 25,
                "max_time": 1.0,
                "min_time": 5e-06,
                "warmup": false
            },
            "stats": {
                "min": 0.10154610900008265,
                "max": 0.15444791999993868,
                "mean": 0.1283868327200071,
                "stddev": 0.014029720831390933,
                "rounds": 25,
                "median": 0.13064194799994766,
                "iqr": 0.016654888499999743,
                "q1": 0.11975449225002421,
                "q3": 0.13640938075002396,
                "iqr_outliers": 0,
                "stddev_outliers": 7,
                "outliers": "7;0",
                "ld15iqr": 0.10154610900008265,
                "hd15iqr": 0.15444791999993868,
                "ops": 7.78896074320062,
                "total": 3.209670818000177,
                "iterations": 1
            }
        },
        {
            "group": null,
            "name": "test_nb_sec_add_128",
            "fullname": "smcompiler/test_performances.py::test_nb_sec_add_128",
            "params": null,
            "param": null,
            "extra_info": {},
            "options": {
                "disable_gc": false,
                "timer": "perf_counter",
                "min_rounds": 25,
                "max_time": 1.0,
                "min_time": 5e-06,
                "warmup": false
            },
            "stats": {
                "min": 0.09901082099986525,
                "max": 0.14810512000008202,
                "mean": 0.13545319923995522,
                "stddev": 0.010567418375203062,
                "rounds": 25,
                "median": 0.137181979999923,
                "iqr": 0.012007333750204907,
                "q1": 0.13016139749981903,
                "q3": 0.14216873125002394,
                "iqr_outliers": 1,
                "stddev_outliers": 6,
                "outliers": "6;1",
                "ld15iqr": 0.11707970599991313,
                "hd15iqr": 0.14810512000008202,
                "ops": 7.382623707753856,
                "total": 3.3863299809988803,
                "iterations": 1
            }
        },
        {
            "group": null,
            "name": "test_nb_sec_add_256",
            "fullname": "smcompiler/test_performances.py::test_nb_sec_add_256",
            "params": null,
            "param": null,
            "extra_info": {},
            "options": {
                "disable_gc": false,
                "timer": "perf_counter",
                "min_rounds": 25,
                "max_time": 1.0,
                "min_time": 5e-06,
                "warmup": false
            },
            "stats": {
                "min": 0.10214428100016448,
                "max": 0.14670461999980944,
                "mean": 0.1325216812400049,
                "stddev": 0.010205998720959128,
                "rounds": 25,
                "median": 0.13219052399995235,
                "iqr": 0.009888263499931327,
                "q1": 0.12862337300009585,
                "q3": 0.13851163650002718,
                "iqr_outliers": 2,
                "stddev_outliers": 5,
                "outliers": "5;2",
                "ld15iqr": 0.12107959900004062,
                "hd15iqr": 0.14670461999980944,
                "ops": 7.545935054875576,
                "total": 3.3130420310001227,
                "iterations": 1
            }
        },
        {
            "group": null,
            "name": "test_nb_sec_add_512",
            "fullname": "smcompiler/test_performances.py::test_nb_sec_add_512",
            "params": null,
            "param": null,
            "extra_info": {},
            "options": {
                "disable_gc": false,
                "timer": "perf_counter",
                "min_rounds": 25,
                "max_time": 1.0,
                "min_time": 5e-06,
                "warmup": false
            },
            "stats": {
                "min": 0.10043115300004501,
                "max": 0.1988419529998282,
                "mean": 0.12089518064002731,
                "stddev": 0.028468248501185428,
                "rounds": 25,
                "median": 0.10778856499996436,
                "iqr": 0.022406629999977667,
                "q1": 0.10274518350007611,
                "q3": 0.12515181350005378,
                "iqr_outliers": 3,
                "stddev_outliers": 4,
                "outliers": "4;3",
                "ld15iqr": 0.10043115300004501,
                "hd15iqr": 0.17950241200014716,
                "ops": 8.27162832054952,
                "total": 3.022379516000683,
                "iterations": 1
            }
        }
    ],
    "datetime": "2022-06-01T20:00:05.938750",
    "version": "3.4.1"
}