{
    "machine_info": {
        "node": "cs523",
        "processor": "",
        "machine": "x86_64",
        "python_compiler": "GCC 10.2.1 20210110",
        "python_implementation": "CPython",
        "python_implementation_version": "3.9.2",
        "python_version": "3.9.2",
        "python_build": [
            "default",
            "Feb 28 2021 17:03:44"
        ],
        "release": "5.10.0-11-amd64",
        "system": "Linux",
        "cpu": {
            "python_version": "3.9.2.final.0 (64 bit)",
            "cpuinfo_version": [
                8,
                0,
                0
            ],
            "cpuinfo_version_string": "8.0.0",
            "arch": "X86_64",
            "bits": 64,
            "count": 1,
            "arch_string_raw": "x86_64",
            "vendor_id_raw": "GenuineIntel",
            "brand_raw": "Intel(R) Core(TM) i7-5650U CPU @ 2.20GHz",
            "hz_advertised_friendly": "2.2000 GHz",
            "hz_actual_friendly": "2.2000 GHz",
            "hz_advertised": [
                2200000000,
                0
            ],
            "hz_actual": [
                2199998000,
                0
            ],
            "stepping": 4,
            "model": 61,
            "family": 6,
            "flags": [
                "3dnowprefetch",
                "abm",
                "aes",
                "apic",
                "avx",
                "avx2",
                "clflush",
                "cmov",
                "constant_tsc",
                "cpuid",
                "cx16",
                "cx8",
                "de",
                "flush_l1d",
                "fpu",
                "fsgsbase",
                "fxsr",
                "ht",
                "hypervisor",
                "invpcid",
                "invpcid_single",
                "lahf_lm",
                "lm",
                "mca",
                "mce",
                "md_clear",
                "mmx",
                "monitor",
                "movbe",
                "msr",
                "mtrr",
                "nonstop_tsc",
                "nopl",
                "nx",
                "osxsave",
                "pae",
                "pat",
                "pcid",
                "pclmulqdq",
                "pge",
                "pni",
                "popcnt",
                "pse",
                "pse36",
                "pti",
                "rdrand",
                "rdrnd",
                "rdseed",
                "rdtscp",
                "rep_good",
                "sep",
                "sse",
                "sse2",
                "sse4_1",
                "sse4_2",
                "ssse3",
                "syscall",
                "tsc",
                "tsc_known_freq",
                "vme",
                "x2apic",
                "xsave",
                "xtopology"
            ],
            "l3_cache_size": 4194304,
            "l2_cache_size": "256 KiB",
            "l1_data_cache_size": "32 KiB",
            "l1_instruction_cache_size": "32 KiB",
            "l2_cache_line_size": 256,
            "l2_cache_associativity": 6
        }
    },
    "commit_info": {
        "id": "ec5051a13070f901a2ba1d39d47541e31a6396c3",
        "time": "2022-06-01T21:01:39+02:00",
        "author_time": "2022-06-01T21:01:39+02:00",
        "dirty": true,
        "project": "smcompiler-diffie-beepboop",
        "branch": "main"
    },
    "benchmarks": [
        {
            "group": null,
            "name": "test_nb_scal_add_1",
            "fullname": "smcompiler/test_performances.py::test_nb_scal_add_1",
            "params": null,
            "param": null,
            "extra_info": {},
            "options": {
                "disable_gc": false,
                "timer": "perf_counter",
                "min_rounds": 25,
                "max_time": 1.0,
                "min_time": 5e-06,
                "warmup": false
            },
            "stats": {
                "min": 0.08539385699987179,
                "max": 0.15207140899997285,
                "mean": 0.1005742305199874,
                "stddev": 0.016284348193917737,
                "rounds": 25,
                "median": 0.09544438300008551,
                "iqr": 0.007449991500152464,
                "q1": 0.093073324499926,
                "q3": 0.10052331600007847,
                "iqr_outliers": 3,
                "stddev_outliers": 3,
                "outliers": "3;3",
                "ld15iqr": 0.08539385699987179,
                "hd15iqr": 0.12162497400004213,
                "ops": 9.94290480603048,
                "total": 2.514355762999685,
                "iterations": 1
            }
        },
        {
            "group": null,
            "name": "test_nb_scal_add_4",
            "fullname": "smcompiler/test_performances.py::test_nb_scal_add_4",
            "params": null,
            "param": null,
            "extra_info": {},
            "options": {
                "disable_gc": false,
                "timer": "perf_counter",
                "min_rounds": 25,
                "max_time": 1.0,
                "min_time": 5e-06,
                "warmup": false
            },
            "stats": {
                "min": 0.08560905200010893,
                "max": 0.19979016199999933,
                "mean": 0.11560784943999351,
                "stddev": 0.026719907655460024,
                "rounds": 25,
                "median": 0.10753655600001366,
                "iqr": 0.035001214750195686,
                "q1": 0.09457431074986289,
                "q3": 0.12957552550005857,
                "iqr_outliers": 1,
                "stddev_outliers": 3,
                "outliers": "3;1",
                "ld15iqr": 0.08560905200010893,
                "hd15iqr": 0.19979016199999933,
                "ops": 8.649931685815607,
                "total": 2.890196235999838,
                "iterations": 1
            }
        },
        {
            "group": null,
            "name": "test_nb_scal_add_8",
            "fullname": "smcompiler/test_performances.py::test_nb_scal_add_8",
            "params": null,
            "param": null,
            "extra_info": {},
            "options": {
                "disable_gc": false,
                "timer": "perf_counter",
                "min_rounds": 25,
                "max_time": 1.0,
                "min_time": 5e-06,
                "warmup": false
            },
            "stats": {
                "min": 0.083556112999986,
                "max": 0.09959011799992368,
                "mean": 0.09014216567999939,
                "stddev": 0.004205762486774528,
                "rounds": 25,
                "median": 0.0898083670001597,
                "iqr": 0.005362172249874675,
                "q1": 0.0877541157499877,
                "q3": 0.09311628799986238,
                "iqr_outliers": 0,
                "stddev_outliers": 8,
                "outliers": "8;0",
                "ld15iqr": 0.083556112999986,
                "hd15iqr": 0.09959011799992368,
                "ops": 11.093587473258129,
                "total": 2.2535541419999845,
                "iterations": 1
            }
        },
        {
            "group": null,
            "name": "test_nb_scal_add_16",
            "fullname": "smcompiler/test_performances.py::test_nb_scal_add_16",
            "params": null,
            "param": null,
            "extra_info": {},
            "options": {
                "disable_gc": false,
                "timer": "perf_counter",
                "min_rounds": 25,
                "max_time": 1.0,
                "min_time": 5e-06,
                "warmup": false
            },
            "stats": {
                "min": 0.08235655400017095,
                "max": 0.09872797299999547,
                "mean": 0.08865289704000133,
                "stddev": 0.004493368181823562,
                "rounds": 25,
                "median": 0.08697241000004396,
                "iqr": 0.005862556249894624,
                "q1": 0.08587287625005047,
                "q3": 0.09173543249994509,
                "iqr_outliers": 0,
                "stddev_outliers": 7,
                "outliers": "7;0",
                "ld15iqr": 0.08235655400017095,
                "hd15iqr": 0.09872797299999547,
                "ops": 11.279947225512405,
                "total": 2.2163224260000334,
                "iterations": 1
            }
        },
        {
            "group": null,
            "name": "test_nb_scal_add_32",
            "fullname": "smcompiler/test_performances.py::test_nb_scal_add_32",
            "params": null,
            "param": null,
            "extra_info": {},
            "options": {
                "disable_gc": false,
                "timer": "perf_counter",
                "min_rounds": 25,
                "max_time": 1.0,
                "min_time": 5e-06,
                "warmup": false
            },
            "stats": {
                "min": 0.08433939800011103,
                "max": 0.1155726549998235,
                "mean": 0.09097024992000115,
                "stddev": 0.006866168042320152,
                "rounds": 25,
                "median": 0.08825981199993294,
                "iqr": 0.007251073749898751,
                "q1": 0.08647833650002212,
                "q3": 0.09372941024992087,
                "iqr_outliers": 1,
                "stddev_outliers": 2,
                "outliers": "2;1",
                "ld15iqr": 0.08433939800011103,
                "hd15iqr": 0.1155726549998235,
                "ops": 10.992604734837991,
                "total": 2.274256248000029,
                "iterations": 1
            }
        },
        {
            "group": null,
            "name": "test_nb_scal_add_64",
            "fullname": "smcompiler/test_performances.py::test_nb_scal_add_64",
            "params": null,
            "param": null,
            "extra_info": {},
            "options": {
                "disable_gc": false,
                "timer": "perf_counter",
                "min_rounds": 25,
                "max_time": 1.0,
                "min_time": 5e-06,
                "warmup": false
            },
            "stats": {
                "min": 0.08324463399981141,
                "max": 0.13097131700010323,
                "mean": 0.08947876771998381,
                "stddev": 0.01101680795587201,
                "rounds": 25,
                "median": 0.08510305200002222,
                "iqr": 0.005215541250038314,
                "q1": 0.08396766524998611,
                "q3": 0.08918320650002443,
                "iqr_outliers": 3,
                "stddev_outliers": 2,
                "outliers": "2;3",
                "ld15iqr": 0.08324463399981141,
                "hd15iqr": 0.09951700299984623,
                "ops": 11.175835625378916,
                "total": 2.236969192999595,
                "iterations": 1
            }
        },
        {
            "group": null,
            "name": "test_nb_scal_add_128",
            "fullname": "smcompiler/test_performances.py::test_nb_scal_add_128",
            "params": null,
            "param": null,
            "extra_info": {},
            "options": {
                "disable_gc": false,
                "timer": "perf_counter",
                "min_rounds": 25,
                "max_time": 1.0,
                "min_time": 5e-06,
                "warmup": false
            },
            "stats": {
                "min": 0.08294179499989696,
                "max": 0.10990900699971462,
                "mean": 0.09333111171999917,
                "stddev": 0.007528418287370293,
                "rounds": 25,
                "median": 0.0918862580001587,
                "iqr": 0.013168808249815811,
                "q1": 0.08639111150000645,
                "q3": 0.09955991974982226,
                "iqr_outliers": 0,
                "stddev_outliers": 9,
                "outliers": "9;0",
                "ld15iqr": 0.08294179499989696,
                "hd15iqr": 0.10990900699971462,
                "ops": 10.71454075249934,
                "total": 2.3332777929999793,
                "iterations": 1
            }
        },
        {
            "group": null,
            "name": "test_nb_scal_add_256",
            "fullname": "smcompiler/test_performances.py::test_nb_scal_add_256",
            "params": null,
            "param": null,
            "extra_info": {},
            "options": {
                "disable_gc": false,
                "timer": "perf_counter",
                "min_rounds": 25,
                "max_time": 1.0,
                "min_time": 5e-06,
                "warmup": false
            },
            "stats": {
                "min": 0.09081700800015824,
                "max": 0.2090949250000449,
                "mean": 0.16930206376002388,
                "stddev": 0.029710977516367455,
                "rounds": 25,
                "median": 0.1751558030000524,
                "iqr": 0.020024354500151276,
                "q1": 0.1654800007496533,
                "q3": 0.18550435524980458,
                "iqr_outliers": 4,
                "stddev_outliers": 8,
                "outliers": "8;4",
                "ld15iqr": 0.1377569249998487,
                "hd15iqr": 0.2090949250000449,
                "ops": 5.906602540991134,
                "total": 4.232551594000597,
                "iterations": 1
            }
        },
        {
            "group": null,
            "name": "test_nb_scal_add_512",
            "fullname": "smcompiler/test_performances.py::test_nb_scal_add_512",
            "params": null,
            "param": null,
            "extra_info": {},
            "options": {
                "disable_gc": false,
                "timer": "perf_counter",
                "min_rounds": 25,
                "max_time": 1.0,
                "min_time": 5e-06,
                "warmup": false
            },
            "stats": {
                "min": 0.08734741400030543,
                "max": 0.14241641899980095,
                "mean": 0.11391255823999018,
                "stddev": 0.020446152156100343,
                "rounds": 25,
                "median": 0.11678222899990942,
                "iqr": 0.03990151125003649,
                "q1": 0.09297422599991023,
                "q3": 0.13287573724994672,
                "iqr_outliers": 0,
                "stddev_outliers": 11,
                "outliers": "11;0",
                "ld15iqr": 0.08734741400030543,
                "hd15iqr": 0.14241641899980095,
                "ops": 8.778663348892639,
                "total": 2.8478139559997544,
                "iterations": 1
            }
        }
    ],
    "datetime": "2022-06-01T20:01:49.940721",
    "version": "3.4.1"
}