{
    "machine_info": {
        "node": "cs523",
        "processor": "",
        "machine": "x86_64",
        "python_compiler": "GCC 10.2.1 20210110",
        "python_implementation": "CPython",
        "python_implementation_version": "3.9.2",
        "python_version": "3.9.2",
        "python_build": [
            "default",
            "Feb 28 2021 17:03:44"
        ],
        "release": "5.10.0-11-amd64",
        "system": "Linux",
        "cpu": {
            "python_version": "3.9.2.final.0 (64 bit)",
            "cpuinfo_version": [
                8,
                0,
                0
            ],
            "cpuinfo_version_string": "8.0.0",
            "arch": "X86_64",
            "bits": 64,
            "count": 1,
            "arch_string_raw": "x86_64",
            "vendor_id_raw": "GenuineIntel",
            "brand_raw": "Intel(R) Core(TM) i7-5650U CPU @ 2.20GHz",
            "hz_advertised_friendly": "2.2000 GHz",
            "hz_actual_friendly": "2.2000 GHz",
            "hz_advertised": [
                2200000000,
                0
            ],
            "hz_actual": [
                2199998000,
                0
            ],
            "stepping": 4,
            "model": 61,
            "family": 6,
            "flags": [
                "3dnowprefetch",
                "abm",
                "aes",
                "apic",
                "avx",
                "avx2",
                "clflush",
                "cmov",
                "constant_tsc",
                "cpuid",
                "cx16",
                "cx8",
                "de",
                "flush_l1d",
                "fpu",
                "fsgsbase",
                "fxsr",
                "ht",
                "hypervisor",
                "invpcid",
                "invpcid_single",
                "lahf_lm",
                "lm",
                "mca",
                "mce",
                "md_clear",
                "mmx",
                "monitor",
                "movbe",
                "msr",
                "mtrr",
                "nonstop_tsc",
                "nopl",
                "nx",
                "osxsave",
                "pae",
                "pat",
                "pcid",
                "pclmulqdq",
                "pge",
                "pni",
                "popcnt",
                "pse",
                "pse36",
                "pti",
                "rdrand",
                "rdrnd",
                "rdseed",
                "rdtscp",
                "rep_good",
                "sep",
                "sse",
                "sse2",
                "sse4_1",
                "sse4_2",
                "ssse3",
                "syscall",
                "tsc",
                "tsc_known_freq",
                "vme",
                "x2apic",
                "xsave",
                "xtopology"
            ],
            "l3_cache_size": 4194304,
            "l2_cache_size": "256 KiB",
            "l1_data_cache_size": "32 KiB",
            "l1_instruction_cache_size": "32 KiB",
            "l2_cache_line_size": 256,
            "l2_cache_associativity": 6
        }
    },
    "commit_info": {
        "id": "ec5051a13070f901a2ba1d39d47541e31a6396c3",
        "time": "2022-06-01T21:01:39+02:00",
        "author_time": "2022-06-01T21:01:39+02:00",
        "dirty": true,
        "project": "smcompiler-diffie-beepboop",
        "branch": "main"
    },
    "benchmarks": [
        {
            "group": null,
            "name": "test_nb_sec_mul_1",
            "fullname": "smcompiler/test_performances.py::test_nb_sec_mul_1",
            "params": null,
            "param": null,
            "extra_info": {},
            "options": {
                "disable_gc": false,
                "timer": "perf_counter",
                "min_rounds": 25,
                "max_time": 1.0,
                "min_time": 5e-06,
                "warmup": false
            },
            "stats": {
                "min": 0.14291276999983893,
                "max": 0.18189199600010397,
                "mean": 0.15354006632000164,
                "stddev": 0.008026881454939959,
                "rounds": 25,
                "median": 0.15196784199997637,
                "iqr": 0.005383125249750265,
                "q1": 0.14979265550016407,
                "q3": 0.15517578074991434,
                "iqr_outliers": 2,
                "stddev_outliers": 5,
                "outliers": "5;2",
                "ld15iqr": 0.14291276999983893,
                "hd15iqr": 0.16990797000016755,
                "ops": 6.512957978771761,
                "total": 3.838501658000041,
                "iterations": 1
            }
        },
        {
            "group": null,
            "name": "test_nb_sec_mul_4",
            "fullname": "smcompiler/test_performances.py::test_nb_sec_mul_4",
            "params": null,
            "param": null,
            "extra_info": {},
            "options": {
                "disable_gc": false,
                "timer": "perf_counter",
                "min_rounds": 25,
                "max_time": 1.0,
                "min_time": 5e-06,
                "warmup": false
            },
            "stats": {
                "min": 0.32297431000006327,
                "max": 0.4184922879999249,
                "mean": 0.339048852479973,
                "stddev": 0.019265388933731132,
                "rounds": 25,
                "median": 0.333878408000146,
                "iqr": 0.013611311000204296,
                "q1": 0.32736926899974605,
                "q3": 0.34098057999995035,
                "iqr_outliers": 2,
                "stddev_outliers": 2,
                "outliers": "2;2",
                "ld15iqr": 0.32297431000006327,
                "hd15iqr": 0.3653837110000495,
                "ops": 2.949427472429119,
                "total": 8.476221311999325,
                "iterations": 1
            }
        },
        {
            "group": null,
            "name": "test_nb_sec_mul_8",
            "fullname": "smcompiler/test_performances.py::test_nb_sec_mul_8",
            "params": null,
            "param": null,
            "extra_info": {},
            "options": {
                "disable_gc": false,
                "timer": "perf_counter",
                "min_rounds": 25,
                "max_time": 1.0,
                "min_time": 5e-06,
                "warmup": false
            },
            "stats": {
                "min": 0.5674257090004176,
                "max": 0.7341754730000503,
                "mean": 0.5950667693200558,
                "stddev": 0.03420392419657513,
                "rounds": 25,
                "median": 0.587419926000166,
                "iqr": 0.0221988295003257,
                "q1": 0.5750796277498011,
                "q3": 0.5972784572501268,
                "iqr_outliers": 2,
                "stddev_outliers": 2,
                "outliers": "2;2",
                "ld15iqr": 0.5674257090004176,
                "hd15iqr": 0.651981784000327,
                "ops": 1.6804836894902317,
                "total": 14.876669233001394,
                "iterations": 1
            }
        },
        {
            "group": null,
            "name": "test_nb_sec_mul_16",
            "fullname": "smcompiler/test_performances.py::test_nb_sec_mul_16",
            "params": null,
            "param": null,
            "extra_info": {},
            "options": {
                "disable_gc": false,
                "timer": "perf_counter",
                "min_rounds": 25,
                "max_time": 1.0,
                "min_time": 5e-06,
                "warmup": false
            },
            "stats": {
                "min": 1.1349686530002145,
                "max": 1.2169255320000048,
                "mean": 1.1701425532800023,
                "stddev": 0.02124008731983035,
                "rounds": 25,
                "median": 1.1690590869998232,
                "iqr": 0.026035170250224837,
                "q1": 1.15391639999973,
                "q3": 1.1799515702499548,
                "iqr_outliers": 0,
                "stddev_outliers": 7,
                "outliers": "7;0",
                "ld15iqr": 1.1349686530002145,
                "hd15iqr": 1.2169255320000048,
                "ops": 0.8545967302846315,
                "total": 29.253563832000054,
                "iterations": 1
            }
        },
        {
            "group": null,
            "name": "test_nb_sec_mul_32",
            "fullname": "smcompiler/test_performances.py::test_nb_sec_mul_32",
            "params": null,
            "param": null,
            "extra_info": {},
            "options": {
                "disable_gc": false,
                "timer": "perf_counter",
                "min_rounds": 25,
                "max_time": 1.0,
                "min_time": 5e-06,
                "warmup": false
            },
            "stats": {
                "min": 2.070276593000017,
                "max": 2.3109380610003427,
                "mean": 2.2198664466000264,
                "stddev": 0.04177289879817801,
                "rounds": 25,
                "median": 2.226683974000025,
                "iqr": 0.024298511250094634,
                "q1": 2.2133441969998557,
                "q3": 2.2376427082499504,
                "iqr_outliers": 3,
                "stddev_outliers": 3,
                "outliers": "3;3",
                "ld15iqr": 2.2005151930002285,
                "hd15iqr": 2.3109380610003427,
                "ops": 0.45047755081465,
                "total": 55.49666116500066,
                "iterations": 1
            }
        },
        {
            "group": null,
            "name": "test_nb_sec_mul_64",
            "fullname": "smcompiler/test_performances.py::test_nb_sec_mul_64",
            "params": null,
            "param": null,
            "extra_info": {},
            "options": {
                "disable_gc": false,
                "timer": "perf_counter",
                "min_rounds": 25,
                "max_time": 1.0,
                "min_time": 5e-06,
                "warmup": false
            },
            "stats": {
                "min": 4.025618061999921,
                "max": 4.558627483999771,
                "mean": 4.21550669303997,
                "stddev": 0.1274595387673692,
                "rounds": 25,
                "median": 4.188424914999814,
                "iqr": 0.1548901005002108,
                "q1": 4.131157427249832,
                "q3": 4.286047527750043,
                "iqr_outliers": 1,
                "stddev_outliers": 8,
                "outliers": "8;1",
                "ld15iqr": 4.025618061999921,
                "hd15iqr": 4.558627483999771,
                "ops": 0.2372194074916437,
                "total": 105.38766732599925,
                "iterations": 1
            }
        },
        {
            "group": null,
            "name": "test_nb_sec_mul_128",
            "fullname": "smcompiler/test_performances.py::test_nb_sec_mul_128",
            "params": null,
            "param": null,
            "extra_info": {},
            "options": {
                "disable_gc": false,
                "timer": "perf_counter",
                "min_rounds": 25,
                "max_time": 1.0,
                "min_time": 5e-06,
                "warmup": false
            },
            "stats": {
                "min": 8.050956213000063,
                "max": 8.957204720999925,
                "mean": 8.491738597599905,
                "stddev": 0.22174771805375618,
                "rounds": 25,
                "median": 8.529965722999805,
                "iqr": 0.29514257525033827,
                "q1": 8.334199637249753,
                "q3": 8.629342212500092,
                "iqr_outliers": 0,
                "stddev_outliers": 9,
                "outliers": "9;0",
                "ld15iqr": 8.050956213000063,
                "hd15iqr": 8.957204720999925,
                "ops": 0.11776151473652742,
                "total": 212.29346493999765,
                "iterations": 1
            }
        },
        {
            "group": null,
            "name": "test_nb_sec_mul_256",
            "fullname": "smcompiler/test_performances.py::test_nb_sec_mul_256",
            "params": null,
            "param": null,
            "extra_info": {},
            "options": {
                "disable_gc": false,
                "timer": "perf_counter",
                "min_rounds": 25,
                "max_time": 1.0,
                "min_time": 5e-06,
                "warmup": false
            },
            "stats": {
                "min": 16.981638882000425,
                "max": 18.075164130000303,
                "mean": 17.509248378640006,
                "stddev": 0.24490415424864348,
                "rounds": 25,
                "median": 17.519908450000003,
                "iqr": 0.2777066945002389,
                "q1": 17.345545975499817,
                "q3": 17.623252670000056,
                "iqr_outliers": 2,
                "stddev_outliers": 4,
                "outliers": "4;2",
                "ld15iqr": 16.981638882000425,
                "hd15iqr": 18.059603935999803,
                "ops": 0.05711267430644976,
                "total": 437.7312094660001,
                "iterations": 1
            }
        },
        {
            "group": null,
            "name": "test_nb_sec_mul_400",
            "fullname": "smcompiler/test_performances.py::test_nb_sec_mul_400",
            "params": null,
            "param": null,
            "extra_info": {},
            "options": {
                "disable_gc": false,
                "timer": "perf_counter",
                "min_rounds": 25,
                "max_time": 1.0,
                "min_time": 5e-06,
                "warmup": false
            },
            "stats": {
                "min": 24.840835375000097,
                "max": 28.098108815999694,
                "mean": 26.772033383639993,
                "stddev": 0.9214312092964259,
                "rounds": 25,
                "median": 27.136417445999996,
                "iqr": 0.8723061392499858,
                "q1": 26.41328427725,
                "q3": 27.285590416499986,
                "iqr_outliers": 2,
                "stddev_outliers": 8,
                "outliers": "8;2",
                "ld15iqr": 25.274132480999924,
                "hd15iqr": 28.098108815999694,
                "ops": 0.03735241121472251,
                "total": 669.3008345909998,
                "iterations": 1
            }
        }
    ],
    "datetime": "2022-06-01T20:31:55.603315",
    "version": "3.4.1"
}