{
    "machine_info": {
        "node": "cs523",
        "processor": "",
        "machine": "x86_64",
        "python_compiler": "GCC 10.2.1 20210110",
        "python_implementation": "CPython",
        "python_implementation_version": "3.9.2",
        "python_version": "3.9.2",
        "python_build": [
            "default",
            "Feb 28 2021 17:03:44"
        ],
        "release": "5.10.0-11-amd64",
        "system": "Linux",
        "cpu": {
            "python_version": "3.9.2.final.0 (64 bit)",
            "cpuinfo_version": [
                8,
                0,
                0
            ],
            "cpuinfo_version_string": "8.0.0",
            "arch": "X86_64",
            "bits": 64,
            "count": 1,
            "arch_string_raw": "x86_64",
            "vendor_id_raw": "GenuineIntel",
            "brand_raw": "Intel(R) Core(TM) i7-5650U CPU @ 2.20GHz",
            "hz_advertised_friendly": "2.2000 GHz",
            "hz_actual_friendly": "2.2000 GHz",
            "hz_advertised": [
                2200000000,
                0
            ],
            "hz_actual": [
                2199998000,
                0
            ],
            "stepping": 4,
            "model": 61,
            "family": 6,
            "flags": [
                "3dnowprefetch",
                "abm",
                "aes",
                "apic",
                "avx",
                "avx2",
                "clflush",
                "cmov",
                "constant_tsc",
                "cpuid",
                "cx16",
                "cx8",
                "de",
                "flush_l1d",
                "fpu",
                "fsgsbase",
                "fxsr",
                "ht",
                "hypervisor",
                "invpcid",
                "invpcid_single",
                "lahf_lm",
                "lm",
                "mca",
                "mce",
                "md_clear",
                "mmx",
                "monitor",
                "movbe",
                "msr",
                "mtrr",
                "nonstop_tsc",
                "nopl",
                "nx",
                "osxsave",
                "pae",
                "pat",
                "pcid",
                "pclmulqdq",
                "pge",
                "pni",
                "popcnt",
                "pse",
                "pse36",
                "pti",
                "rdrand",
                "rdrnd",
                "rdseed",
                "rdtscp",
                "rep_good",
                "sep",
                "sse",
                "sse2",
                "sse4_1",
                "sse4_2",
                "ssse3",
                "syscall",
                "tsc",
                "tsc_known_freq",
                "vme",
                "x2apic",
                "xsave",
                "xtopology"
            ],
            "l3_cache_size": 4194304,
            "l2_cache_size": "256 KiB",
            "l1_data_cache_size": "32 KiB",
            "l1_instruction_cache_size": "32 KiB",
            "l2_cache_line_size": 256,
            "l2_cache_associativity": 6
        }
    },
    "commit_info": {
        "id": "ec5051a13070f901a2ba1d39d47541e31a6396c3",
        "time": "2022-06-01T21:01:39+02:00",
        "author_time": "2022-06-01T21:01:39+02:00",
        "dirty": true,
        "project": "smcompiler-diffie-beepboop",
        "branch": "main"
    },
    "benchmarks": [
        {
            "group": null,
            "name": "test_nb_scal_mul_1",
            "fullname": "smcompiler/test_performances.py::test_nb_scal_mul_1",
            "params": null,
            "param": null,
            "extra_info": {},
            "options": {
                "disable_gc": false,
                "timer": "perf_counter",
                "min_rounds": 25,
                "max_time": 1.0,
                "min_time": 5e-06,
                "warmup": false
            },
            "stats": {
                "min": 0.08226646499997514,
                "max": 0.1204298130001007,
                "mean": 0.08992577328001061,
                "stddev": 0.008548379958187798,
                "rounds": 25,
                "median": 0.08673702700025387,
                "iqr": 0.004033822749988758,
                "q1": 0.08518687750017762,
                "q3": 0.08922070025016637,
                "iqr_outliers": 4,
                "stddev_outliers": 4,
                "outliers": "4;4",
                "ld15iqr": 0.08226646499997514,
                "hd15iqr": 0.09972126599996045,
                "ops": 11.120282467699253,
                "total": 2.2481443320002654,
                "iterations": 1
            }
        },
        {
            "group": null,
            "name": "test_nb_scal_mul_4",
            "fullname": "smcompiler/test_performances.py::test_nb_scal_mul_4",
            "params": null,
            "param": null,
            "extra_info": {},
            "options": {
                "disable_gc": false,
                "timer": "perf_counter",
                "min_rounds": 25,
                "max_time": 1.0,
                "min_time": 5e-06,
                "warmup": false
            },
            "stats": {
                "min": 0.08310251000011704,
                "max": 0.09275394799988135,
                "mean": 0.08618021155996758,
                "stddev": 0.002662143192007425,
                "rounds": 25,
                "median": 0.08532117499999003,
                "iqr": 0.002849350249903182,
                "q1": 0.08424486950002574,
                "q3": 0.08709421974992893,
                "iqr_outliers": 3,
                "stddev_outliers": 4,
                "outliers": "4;3",
                "ld15iqr": 0.08310251000011704,
                "hd15iqr": 0.09183035400019435,
                "ops": 11.603591844331465,
                "total": 2.1545052889991894,
                "iterations": 1
            }
        },
        {
            "group": null,
            "name": "test_nb_scal_mul_8",
            "fullname": "smcompiler/test_performances.py::test_nb_scal_mul_8",
            "params": null,
            "param": null,
            "extra_info": {},
            "options": {
                "disable_gc": false,
                "timer": "perf_counter",
                "min_rounds": 25,
                "max_time": 1.0,
                "min_time": 5e-06,
                "warmup": false
            },
            "stats": {
                "min": 0.08463355200001388,
                "max": 0.09933422600033737,
                "mean": 0.08975801208000121,
                "stddev": 0.003861261422804768,
                "rounds": 25,
                "median": 0.0886891140003172,
                "iqr": 0.0039283380001506885,
                "q1": 0.08722610749998694,
                "q3": 0.09115444550013763,
                "iqr_outliers": 2,
                "stddev_outliers": 7,
                "outliers": "7;2",
                "ld15iqr": 0.08463355200001388,
                "hd15iqr": 0.09707780899998397,
                "ops": 11.141066706208925,
                "total": 2.24395030200003,
                "iterations": 1
            }
        },
        {
            "group": null,
            "name": "test_nb_scal_mul_16",
            "fullname": "smcompiler/test_performances.py::test_nb_scal_mul_16",
            "params": null,
            "param": null,
            "extra_info": {},
            "options": {
                "disable_gc": false,
                "timer": "perf_counter",
                "min_rounds": 25,
                "max_time": 1.0,
                "min_time": 5e-06,
                "warmup": false
            },
            "stats": {
                "min": 0.08305236699970919,
                "max": 0.09851051000032385,
                "mean": 0.08866427552002279,
                "stddev": 0.0037627508476484354,
                "rounds": 25,
                "median": 0.08855719800021689,
                "iqr": 0.004184446750173265,
                "q1": 0.0861267925000675,
                "q3": 0.09031123925024076,
                "iqr_outliers": 2,
                "stddev_outliers": 8,
                "outliers": "8;2",
                "ld15iqr": 0.08305236699970919,
                "hd15iqr": 0.09774150000021109,
                "ops": 11.278499645262121,
                "total": 2.2166068880005696,
                "iterations": 1
            }
        },
        {
            "group": null,
            "name": "test_nb_scal_mul_32",
            "fullname": "smcompiler/test_performances.py::test_nb_scal_mul_32",
            "params": null,
            "param": null,
            "extra_info": {},
            "options": {
                "disable_gc": false,
                "timer": "perf_counter",
                "min_rounds": 25,
                "max_time": 1.0,
                "min_time": 5e-06,
                "warmup": false
            },
            "stats": {
                "min": 0.08568705400011822,
                "max": 0.10027146299989909,
                "mean": 0.08958452515997123,
                "stddev": 0.003932577189024121,
                "rounds": 25,
                "median": 0.08850477099986165,
                "iqr": 0.004376896250050777,
                "q1": 0.08649718125025174,
                "q3": 0.09087407750030252,
                "iqr_outliers": 2,
                "stddev_outliers": 4,
                "outliers": "4;2",
                "ld15iqr": 0.08568705400011822,
                "hd15iqr": 0.09750790599991888,
                "ops": 11.162642188640262,
                "total": 2.239613128999281,
                "iterations": 1
            }
        },
        {
            "group": null,
            "name": "test_nb_scal_mul_64",
            "fullname": "smcompiler/test_performances.py::test_nb_scal_mul_64",
            "params": null,
            "param": null,
            "extra_info": {},
            "options": {
                "disable_gc": false,
                "timer": "perf_counter",
                "min_rounds": 25,
                "max_time": 1.0,
                "min_time": 5e-06,
                "warmup": false
            },
            "stats": {
                "min": 0.08586246100003336,
                "max": 0.10749243100008243,
                "mean": 0.09225010060003115,
                "stddev": 0.005787626136909705,
                "rounds": 25,
                "median": 0.09105929899988041,
                "iqr": 0.006429580250141953,
                "q1": 0.08778998525008319,
                "q3": 0.09421956550022514,
                "iqr_outliers": 2,
                "stddev_outliers": 5,
                "outliers": "5;2",
                "ld15iqr": 0.08586246100003336,
                "hd15iqr": 0.10586910000029093,
                "ops": 10.840096579793457,
                "total": 2.3062525150007787,
                "iterations": 1
            }
        },
        {
            "group": null,
            "name": "test_nb_scal_mul_128",
            "fullname": "smcompiler/test_performances.py::test_nb_scal_mul_128",
            "params": null,
            "param": null,
            "extra_info": {},
            "options": {
                "disable_gc": false,
                "timer": "perf_counter",
                "min_rounds": 25,
                "max_time": 1.0,
                "min_time": 5e-06,
                "warmup": false
            },
            "stats": {
                "min": 0.08560479700008727,
                "max": 0.11217335099991033,
                "mean": 0.09393694328000493,
                "stddev": 0.008185428877315604,
                "rounds": 25,
                "median": 0.09027675800007273,
                "iqr": 0.009628886249856805,
                "q1": 0.08789239525015091,
                "q3": 0.09752128150000772,
                "iqr_outliers": 1,
                "stddev_outliers": 6,
                "outliers": "6;1",
                "ld15iqr": 0.08560479700008727,
                "hd15iqr": 0.11217335099991033,
                "ops": 10.64543900496341,
                "total": 2.348423582000123,
                "iterations": 1
            }
        },
        {
            "group": null,
            "name": "test_nb_scal_mul_256",
            "fullname": "smcompiler/test_performances.py::test_nb_scal_mul_256",
            "params": null,
            "param": null,
            "extra_info": {},
            "options": {
                "disable_gc": false,
                "timer": "perf_counter",
                "min_rounds": 25,
                "max_time": 1.0,
                "min_time": 5e-06,
                "warmup": false
            },
            "stats": {
                "min": 0.08925081400002455,
                "max": 0.10276961699992171,
                "mean": 0.09300226888004545,
                "stddev": 0.003319326464641127,
                "rounds": 25,
                "median": 0.09195465299990246,
                "iqr": 0.0036681289998341526,
                "q1": 0.09060820475019682,
                "q3": 0.09427633375003097,
                "iqr_outliers": 2,
                "stddev_outliers": 5,
                "outliers": "5;2",
                "ld15iqr": 0.08925081400002455,
                "hd15iqr": 0.09995154800026285,
                "ops": 10.752425849844615,
                "total": 2.3250567220011362,
                "iterations": 1
            }
        },
        {
            "group": null,
            "name": "test_nb_scal_mul_400",
            "fullname": "smcompiler/test_performances.py::test_nb_scal_mul_400",
            "params": null,
            "param": null,
            "extra_info": {},
            "options": {
                "disable_gc": false,
                "timer": "perf_counter",
                "min_rounds": 25,
                "max_time": 1.0,
                "min_time": 5e-06,
                "warmup": false
            },
            "stats": {
                "min": 0.0880748820000008,
                "max": 0.1022081020000769,
                "mean": 0.0932355364000614,
                "stddev": 0.003961626003067539,
                "rounds": 25,
                "median": 0.09319823400028326,
                "iqr": 0.005625104249816104,
                "q1": 0.08968194675026098,
                "q3": 0.09530705100007708,
                "iqr_outliers": 0,
                "stddev_outliers": 6,
                "outliers": "6;0",
                "ld15iqr": 0.0880748820000008,
                "hd15iqr": 0.1022081020000769,
                "ops": 10.72552417899042,
                "total": 2.330888410001535,
                "iterations": 1
            }
        }
    ],
    "datetime": "2022-06-01T20:33:35.922112",
    "version": "3.4.1"
}